exercise,utility,mechanics,target_muscles,minor_muscle,major_muscle
Barbell Triceps Extension,Basic or Auxiliary,Isolated,triceps brachii,Upper Arms,Arms
Cable Bar Lying Triceps Extension,Basic,Isolated,triceps brachii,Upper Arms,Arms
Smith Rear Delt Row,Basic or Auxiliary,Compound,"deltoid, posterior",Shoulders,Shoulders
Lever Hack Squat (plate loaded),Basic or Auxiliary,Compound,gluteus maximus,Hips,Legs
Sled Lying Reverse Calf Press (plate loaded),Basic or Auxiliary,Isolated,tibialis anterior,Calves,Legs
"Lever Seated Row (no chest pad, plate loaded)",Basic,Compound,"back, general",Back,Back
Lever Lying Hip Adduction,Auxiliary,Isolated,"adductors, hip",Hips,Legs
Barbell Good-morning,Basic or Auxiliary,Isolated,hamstrings,Thighs,Legs
Suspended One Arm Inverted Row,Basic or Auxiliary,Compound,"back, general",Back,Back
Lever Preacher Curl (arms high),Auxiliary,Isolated,brachialis,Upper Arms,Arms
Trap Bar Stiff Leg Deadlift,Basic or Auxiliary,Compound,erector spinae,Back,Back
Weighted Side Crunch,Auxiliary,Isolated,obliques,Waist,Legs
Weighted Incline Straight Leg Raise,Auxiliary,Isolated,iliopsoas,Waist,Legs
Lever Alternating Seated Leg Press (plate loaded),Basic or Auxiliary,Compound,quadriceps,Thighs,Legs
Suspended Single Leg Split Squat,Basic or Auxiliary,Compound,quadriceps,Thighs,Legs
Squat,Basic,Compound,gluteus maximus,Hips,Legs
Barbell Lateral Step-up,Auxiliary,Compound,quadriceps,Thighs,Legs
Barbell Hip Thrust,Auxiliary,Isolated,gluteus maximus,Hips,Legs
Step-down,Basic or Auxiliary,Compound,quadriceps,Thighs,Legs
Lever Wide Grip Chest Press (plate loaded),Basic,Compound,"pectoralis major, sternal",Chest,Chest
Machine-assisted Triceps Dip (kneeling),Basic,Compound,triceps brachii,Upper Arms,Arms
Barbell Wide Grip Upright Row,Basic,Compound,"deltoid, lateral",Shoulders,Shoulders
Sled 45° Reverse Calf Press,Basic or Auxiliary,Isolated,tibialis anterior,Calves,Legs
Lever Seated Side Bend,Auxiliary,Isolated,obliques,Waist,Legs
Cable Curl,Basic,Isolated,biceps brachii,Upper Arms,Arms
Machine-assisted Chest Dip (kneeling),Basic,Compound,"pectoralis major, sternal",Chest,Chest
Suspended Power Pull,Auxiliary,Compound,"back, general",Back,Back
Cable Split Squat (belt),Auxiliary,Compound,gluteus maximus,Hips,Legs
Lever Seated Side Leg Raise Crunch (plate loaded),Auxiliary,Isolated,obliques,Waist,Legs
Trap Bar Straight-back Straight-leg Deadlift,Basic or Auxiliary,Isolated,hamstrings,Thighs,Legs
Barbell Inverse Leg Curl,Basic,Isolated,hamstrings,Thighs,Legs
Lever Shoulder Press (plate loaded),Basic,Compound,"deltoid, anterior",Shoulders,Shoulders
Lever Wrist Curl,Basic or Auxiliary,Isolated,wrist flexors,Forearms,Arms
Dumbbell Concentration Curl,Auxiliary,Isolated,brachialis,Upper Arms,Arms
Dumbbell Upright Shoulder External Rotation,Auxiliary,Isolated,teres minor,Shoulders,Shoulders
Single Leg Hip Thrust (leg extended),Auxiliary,Isolated,gluteus maximus,Hips,Legs
Leg-Hip Raise (on stability ball),Basic,Compound,rectus abdominis,Waist,Legs
Lever Seated Rear Delt Row (plate loaded),Basic or Auxiliary,Compound,"deltoid, posterior",Shoulders,Shoulders
Barbell Decline Triceps Extension,Basic,Isolated,triceps brachii,Upper Arms,Arms
Weighted Vertical Straight Leg Raise,Auxiliary,Isolated,iliopsoas,Waist,Legs
Dumbbell Prone External Rotation,Auxiliary,Isolated,infraspinatus,Shoulders,Shoulders
Cable Seated Row,Basic,Compound,"back, general",Back,Back
Self-assisted Chin-up,Basic,Compound,latissimus dorsi,Back,Back
Cable Standing Crunch,Auxiliary,Isolated,rectus abdominis,Waist,Legs
Cable Seated Lateral Raise,Basic or Auxiliary,Isolated,"deltoid, lateral",Shoulders,Shoulders
Band-assisted Chest Dip,Basic,Compound,"pectoralis major, sternal",Chest,Chest
Sled Seated Leg Press,Basic,Compound,gluteus maximus,Hips,Legs
Medicine Ball Chest Throw Sit-up (machine),Basic,Compound,rectus abdominis,Waist,Legs
Dumbbell Hammer Curl,Auxiliary,Isolated,brachioradialis,Forearms,Arms
Barbell Stiff Leg Deadlift,Basic or Auxiliary,Compound,erector spinae,Back,Back
"45° Hyperextension (on stability ball, arms up)",Basic or Auxiliary,Compound,erector spinae,Back,Back
Barbell Walking Lunge,Auxiliary,Compound,gluteus maximus,Hips,Legs
Barbell Side Split Squat,Auxiliary,Compound,gluteus maximus,Hips,Legs
Row (high bar),Basic or Auxiliary,Compound,"back, general",Back,Back
Lever Incline Fly,Auxiliary,Compound,"pectoralis major, clavicular",Chest,Chest
Dumbbell Kickback,Auxiliary,Isolated,triceps brachii,Upper Arms,Arms
Smith Deadlift,Basic,Compound,gluteus maximus,Hips,Legs
Incline Twisting Crunch (arms crossed),Auxiliary,Isolated,obliques,Waist,Legs
Dumbbell Decline Bench Press,Basic or Auxiliary,Compound,"pectoralis major, sternal",Chest,Chest
Cable Shoulder Press,Basic or Auxiliary,Compound,"deltoid, anterior",Shoulders,Shoulders
Lever Bench Press,Basic,Compound,"pectoralis major, sternal",Chest,Chest
Lever Squat,Basic,Compound,gluteus maximus,Hips,Legs
Suspended Single Leg Curl (leg extended),Basic or Auxiliary,Isolated,hamstrings,Thighs,Legs
Lever Close Grip Incline Row (plate loaded),Basic,Compound,"back, general",Back,Back
Lever Reverse Calf Raise,Basic or Auxiliary,Isolated,tibialis anterior,Calves,Legs
Dumbbell Lying Lateral Raise,Auxiliary,Isolated,"deltoid, lateral",Shoulders,Shoulders
Smith Wide Grip Upright Row,Basic,Compound,"deltoid, lateral",Shoulders,Shoulders
Lever Lateral Neck Flexion,Auxiliary,Isolated,sternocleidomastoid,Neck,Shoulders
Suspended Fly,Auxiliary,Isolated,"pectoralis major, sternal",Chest,Chest
Weighted 45° Back Raise (on hyperextension apparatus),Auxiliary,Isolated,hamstrings,Thighs,Legs
Suspended Side Bend,Auxiliary,Isolated,obliques,Waist,Legs
Barbell Back Raise (on hyperextension apparatus),Auxiliary,Isolated,hamstrings,Thighs,Legs
Lever Triceps Extension,Basic or Auxiliary,Isolated,triceps brachii,Upper Arms,Arms
Sled Shoulder Press,Basic,Compound,"deltoid, anterior",Shoulders,Shoulders
Lever Kneeling Leg Curl,Basic,Isolated,hamstrings,Thighs,Legs
Dumbbell Step Down,Auxiliary,Compound,quadriceps,Thighs,Legs
Lever V-Squat,Basic or Auxiliary,Compound,quadriceps,Thighs,Legs
Barbell Bench Press,Basic,Compound,"pectoralis major, sternal",Chest,Chest
Sled Single Leg 45° Calf Press,Basic or Auxiliary,Isolated,gastrocnemius,Calves,Legs
Lever Straight-back Straight-leg Deadlift (plate loaded),Basic or Auxiliary,Isolated,hamstrings,Thighs,Legs
Dumbbell Single Leg Reverse Calf Raise,Auxiliary,Isolated,tibialis anterior,Calves,Legs
Single Leg Box Squat (pistol),Basic or Auxiliary,Compound,quadriceps,Thighs,Legs
Close Grip Push-up (on knees),Basic,Compound,triceps brachii,Upper Arms,Arms
Weighted Side Bend (on stability ball),Auxiliary,Isolated,obliques,Waist,Legs
Lever 45° Calf Press (plate loaded),Basic,Isolated,gastrocnemius,Calves,Legs
Lever Barbell Shrug (plate loaded),Basic,Isolated,"trapezius, upper",Back,Back
Lever Straight-leg Lying Hip Extension,Auxiliary,Isolated,hamstrings,Thighs,Legs
Weighted Front Squat,Auxiliary,Compound,quadriceps,Thighs,Legs
Safety Barbell Squat,Basic,Compound,gluteus maximus,Hips,Legs
Sled Seated Calf Press,Basic,Isolated,gastrocnemius,Calves,Legs
Lever Incline Shoulder Raise,Auxiliary,Isolated,serratus anterior,Chest,Chest
Barbell Underhand Bent-over Row,Basic or Auxiliary,Compound,"back, general",Back,Back
Cable One Arm Reverse Wrist Curl,Basic or Auxiliary,Isolated,wrist extensors,Forearms,Arms
Incline Straight Leg Raise,Auxiliary,Isolated,iliopsoas,Waist,Legs
Dumbbell Lunge,Auxiliary,Compound,gluteus maximus,Hips,Legs
Lever Standing Forearm Pronation,Auxiliary,Isolated,pronators,Forearms,Arms
Lever Seated Twist (gripless),Auxiliary,Isolated,obliques,Waist,Legs
Angled Side Bridge,Auxiliary,Isolated,obliques,Waist,Legs
Cambered Barbell Lying Row,Basic,Compound,"back, general",Back,Back
Cable Upright Row (dual pulley),Basic,Compound,"deltoid, lateral",Shoulders,Shoulders
Hanging Leg-Hip Raise (with ab straps),Basic,Compound,rectus abdominis,Waist,Legs
Lever Seated High Row (plate loaded),Basic,Compound,"back, general",Back,Back
Cable Standing Leg Curl,Basic or Auxiliary,Compound,hamstrings,Thighs,Legs
Lever Split Squat (plate loaded),Auxiliary,Compound,quadriceps,Thighs,Legs
Cable Alternating Preacher Curl,Auxiliary,Isolated,brachialis,Upper Arms,Arms
Handstand Push-up (on parallettes),Basic,Compound,"deltoid, anterior",Shoulders,Shoulders
Band-assisted Pull-up,Basic,Compound,latissimus dorsi,Back,Back
Weighted Vertical Leg Raise,Auxiliary,Isolated,iliopsoas,Waist,Legs
Dumbbell Curl,Basic,Isolated,biceps brachii,Upper Arms,Arms
Partner-assisted Rear Pull-up,Basic,Compound,latissimus dorsi,Back,Back
"45° Hyperextension (across bench, arms crossed)",Basic or Auxiliary,Compound,erector spinae,Back,Back
Suspended Inverted Shrug,Basic or Auxiliary,Isolated,"trapezius, upper",Back,Back
Lever Single Leg Seated Tibia Raise (plate loaded),Auxiliary,Isolated,tibialis anterior,Calves,Legs
Lever Lying Rear Lateral Raise (plate loaded),Auxiliary,Isolated,"deltoid, posterior",Shoulders,Shoulders
Glute-Ham Raise (hands behind neck),Basic or Auxiliary,Isolated,hamstrings,Thighs,Legs
Sled Hack Squat,Basic or Auxiliary,Compound,quadriceps,Thighs,Legs
Dumbbell Lateral Step-up,Auxiliary,Compound,quadriceps,Thighs,Legs
Cable Rear Step-down Lunge,Auxiliary,Compound,quadriceps,Thighs,Legs
Lever Seated Leg Raise Crunch (plate loaded),Auxiliary,Isolated,rectus abdominis,Waist,Legs
Cable Split Squat,Auxiliary,Compound,quadriceps,Thighs,Legs
Barbell Rear Delt Row,Basic or Auxiliary,Compound,"deltoid, posterior",Shoulders,Shoulders
Dumbbell Bent-over Row,Basic,Compound,"back, general",Back,Back
Weighted Bent-knee Lying Twist,Auxiliary,Isolated,obliques,Waist,Legs
Dumbbell Pullover (on arched bench),Auxiliary,Isolated,"pectoralis major, sternal",Chest,Chest
Hanging Straight Leg Raise,Auxiliary,Isolated,iliopsoas,Waist,Legs
Barbell Hyperextension,Basic or Auxiliary,Compound,hamstrings,Thighs,Legs
Barbell Zercher Squat,Basic or Auxiliary,Compound,gluteus maximus,Hips,Legs
Lever Single Leg Seated Leg Curl (plate loaded),Basic or Auxiliary,Isolated,hamstrings,Thighs,Legs
Lever Seated Leg Curl,Basic,Isolated,hamstrings,Thighs,Legs
Weighted Inverted Row,Basic or Auxiliary,Compound,"back, general",Back,Back
Lever Seated Twisting Leg Raise Crunch (plate loaded),Auxiliary,Isolated,obliques,Waist,Legs
Cable Triceps Extension (with rope),Basic or Auxiliary,Isolated,triceps brachii,Upper Arms,Arms
Pike Press (between benches),Basic,Compound,"deltoid, anterior",Shoulders,Shoulders
Lever Iron Cross,Basic,Compound,latissimus dorsi,Back,Back
Alternating Bird Dog (on exercise ball),Auxiliary,Isolated,erector spinae,Back,Back
Cable Lying Leg Raise (on bench),Auxiliary,Isolated,iliopsoas,Waist,Legs
Incline Crunch,Auxiliary,Isolated,rectus abdominis,Waist,Legs
"Lever Reverse Calf Raise (on v-squat machine, plate loaded)",Basic or Auxiliary,Isolated,tibialis anterior,Calves,Legs
Sled Single Leg Vertical Leg Press,Auxiliary,Compound,gluteus maximus,Hips,Legs
Smith Behind Neck Press,Basic,Compound,"deltoid, anterior",Shoulders,Shoulders
Suspended Hanging Leg Hip Raise,Basic,Compound,rectus abdominis,Waist,Legs
Sled Lying Calf Press,Basic,Isolated,gastrocnemius,Calves,Legs
Cable Lying Crunch (on stability ball),Auxiliary,Isolated,rectus abdominis,Waist,Legs
Band-assisted Triceps Dip,Basic,Compound,triceps brachii,Upper Arms,Arms
Lever Chest Press,Basic,Compound,"pectoralis major, sternal",Chest,Chest
Lever Reverse Calf Extension (plate loaded),Basic or Auxiliary,Isolated,tibialis anterior,Calves,Legs
Cable Kneeling Bent-over Pulldown,Auxiliary,Compound,latissimus dorsi,Back,Back
"Lever Preacher Curl (arms high, plate loaded)",Auxiliary,Isolated,brachialis,Upper Arms,Arms
Lever Triceps Dip (plate loaded),Basic,Compound,triceps brachii,Upper Arms,Arms
Suspended Pike,Auxiliary,Isolated,iliopsoas,Waist,Legs
Cable One Arm Rear Delt Row,Auxiliary,Compound,"deltoid, posterior",Shoulders,Shoulders
Cable One Arm Triceps Extension (pronated grip),Auxiliary,Isolated,triceps brachii,Upper Arms,Arms
Smith Squat,Basic,Compound,quadriceps,Thighs,Legs
Lever Seated High Row,Basic,Compound,"back, general",Back,Back
Barbell Rear Lunge,Auxiliary,Compound,quadriceps,Thighs,Legs
Cable Standing Hip Extension,Auxiliary,Isolated,gluteus maximus,Hips,Legs
Single Leg 45° Hyperextension,Basic or Auxiliary,Compound,hamstrings,Thighs,Legs
Cable Bar Curl,Basic,Isolated,biceps brachii,Upper Arms,Arms
Cable Alternating Seated Curl,Basic or Auxiliary,Isolated,biceps brachii,Upper Arms,Arms
Dumbbell One Arm Shoulder Press,Basic or Auxiliary,Compound,"deltoid, anterior",Shoulders,Shoulders
Single Leg Partial Box Squat (pistol),Basic or Auxiliary,Compound,gluteus maximus,Hips,Legs
Lever Single Leg Split Squat (plate loaded),Auxiliary,Compound,gluteus maximus,Hips,Legs
Cable Pulldown (pro lat bar),Basic,Compound,latissimus dorsi,Back,Back
Smith Bent-over Row,Basic,Compound,"back, general",Back,Back
Lever Incline Chest Press,Basic or Auxiliary,Compound,"pectoralis major, clavicular",Chest,Chest
Lever Seated Rear Lateral Raise (plate loaded),Auxiliary,Isolated,"deltoid, posterior",Shoulders,Shoulders
Lever Upright Shoulder Internal Rotation,Auxiliary,Isolated,subscapularis,Shoulders,Shoulders
"Lever Wide Grip Seated Row (high bar, plate loaded)",Basic,Compound,"back, general",Back,Back
Self-assisted Step-down,Basic or Auxiliary,Compound,gluteus maximus,Hips,Legs
Lever 45° Reverse Calf Press (plate loaded),Basic or Auxiliary,Isolated,tibialis anterior,Calves,Legs
Lever V-Squat (plate loaded),Basic or Auxiliary,Compound,gluteus maximus,Hips,Legs
Dumbbell Lying Supination (arm down),Auxiliary,Isolated,supinator,Forearms,Arms
Lever Seated Reverse Fly (gripless),Auxiliary,Isolated,"deltoid, posterior",Shoulders,Shoulders
Cable Side Triceps Extension,Auxiliary,Isolated,triceps brachii,Upper Arms,Arms
Lever Lateral Neck Flexion (plate loaded),Auxiliary,Isolated,sternocleidomastoid,Neck,Shoulders
Lever Lying Hip Extension,Auxiliary,Isolated,gluteus maximus,Hips,Legs
Single Leg Split Squat,Basic or Auxiliary,Compound,quadriceps,Thighs,Legs
Weighted Lying Neck Extension,Basic or Auxiliary,Isolated,splenius,Neck,Shoulders
Cable Straight Leg Deadlift,Basic,Compound,hamstrings,Thighs,Legs
Sled Reverse Calf Raise (plate loaded),Basic or Auxiliary,Isolated,tibialis anterior,Calves,Legs
Sled Horizontal Grip Standing Chest Dip,Basic,Compound,"pectoralis major, sternal",Chest,Chest
Cable Upright Row (with rope attachment),Basic,Compound,"deltoid, lateral",Shoulders,Shoulders
Lever Barbell Squat (plate loaded),Basic,Compound,gluteus maximus,Hips,Legs
Lever Rear Lunge (plate loaded),Auxiliary,Compound,quadriceps,Thighs,Legs
Lever Standing Forearm Supination,Auxiliary,Isolated,supinator,Forearms,Arms
Self-assisted Rear Pull-up,Basic,Compound,latissimus dorsi,Back,Back
Alternating Bird Dog,Auxiliary,Isolated,erector spinae,Back,Back
Cable Bar Standing Decline Chest Press,Auxiliary,Compound,"pectoralis major, sternal",Chest,Chest
Triceps Dip (bent knees between benches),Basic,Compound,triceps brachii,Upper Arms,Arms
Suspended Single Leg Squat,Basic or Auxiliary,Compound,gluteus maximus,Hips,Legs
Chest Dip,Basic,Compound,"pectoralis major, sternal",Chest,Chest
Half Squat,Basic,Compound,gluteus maximus,Hips,Legs
Barbell Guillotine Bench Press,Auxiliary,Compound,"pectoralis major, sternal",Chest,Chest
Cable One Arm Kneeling Pulldown,Basic or Auxiliary,Compound,latissimus dorsi,Back,Back
Hanging Hyperextension,Basic or Auxiliary,Compound,erector spinae,Back,Back
"Side Bend (on stability ball, hands behind head)",Auxiliary,Isolated,obliques,Waist,Legs
Dumbbell Alternating Seated Front Raise,Auxiliary,Isolated,"deltoid, anterior",Shoulders,Shoulders
45° Hyperextension (arms up),Basic or Auxiliary,Compound,erector spinae,Back,Back
Sled Standing Glute Kickback,Auxiliary,Compound,gluteus maximus,Hips,Legs
Lever Neck Flexion,Basic or Auxiliary,Isolated,sternocleidomastoid,Neck,Shoulders
Cable Lying Row,Basic or Auxiliary,Compound,"back, general",Back,Back
Sled Forward Angled Calf Raise,Basic,Isolated,gastrocnemius,Calves,Legs
Sled Single Leg Lying Leg Press (plate loaded),Auxiliary,Compound,quadriceps,Thighs,Legs
Lever Straight Leg Deadlift (plate loaded),Basic,Compound,erector spinae,Back,Back
Lever Full Squat (plate loaded),Basic,Compound,quadriceps,Thighs,Legs
Lever Alternating Lying Leg Curl (plate loaded),Auxiliary,Isolated,hamstrings,Thighs,Legs
Sled Vertical Calf Press,Basic,Isolated,gastrocnemius,Calves,Legs
Cable Standing Fly,Auxiliary,Isolated,"pectoralis major, sternal",Chest,Chest
Lever Seated Leg Press,Basic,Compound,gluteus maximus,Hips,Legs
Lever Reverse Wrist Curl,Basic or Auxiliary,Isolated,wrist extensors,Forearms,Arms
Lever Squat (plate loaded),Basic,Compound,quadriceps,Thighs,Legs
Side Crunch (on stability ball),Auxiliary,Isolated,obliques,Waist,Legs
Lever Bench Press (plate loaded),Basic,Compound,"pectoralis major, sternal",Chest,Chest
Lever Incline Rear Delt Row (plate loaded),Basic or Auxiliary,Compound,"deltoid, posterior",Shoulders,Shoulders
Cable Step-up,Basic or Auxiliary,Compound,quadriceps,Thighs,Legs
Lever Bent-over Hip Extension,Auxiliary,Isolated,gluteus maximus,Hips,Legs
"Lever Alternating Preacher Curl (arms high, plate loaded)",Auxiliary,Isolated,brachialis,Upper Arms,Arms
Lever Pulldown (plate loaded),Basic,Compound,latissimus dorsi,Back,Back
Lever Alternating Leg Extension (plate loaded),Auxiliary,Isolated,quadriceps,Thighs,Legs
Lever Lying Leg Raise Crunch (plate loaded),Auxiliary,Isolated,rectus abdominis,Waist,Legs
Lever Incline Chest Press (plate loaded),Basic or Auxiliary,Compound,"pectoralis major, clavicular",Chest,Chest
Barbell Reverse Preacher Curl,Auxiliary,Isolated,brachioradialis,Forearms,Arms
Barbell Deficit Deadlift,Basic or Auxiliary,Compound,gluteus maximus,Hips,Legs
Cable Seated Y Raise,Auxiliary,Isolated,"deltoid, lateral",Shoulders,Shoulders
Cable Lateral Neck Flexion (with belt),Auxiliary,Isolated,sternocleidomastoid,Neck,Shoulders
Cable Reverse Preacher Curl,Auxiliary,Isolated,brachioradialis,Forearms,Arms
Lever Lying Hip Extension (plate loaded),Auxiliary,Isolated,gluteus maximus,Hips,Legs
Cable Bar Standing Chest Press,Auxiliary,Compound,"pectoralis major, sternal",Chest,Chest
Suspended Hamstring Runner,Basic or Auxiliary,Isolated,hamstrings,Thighs,Legs
Suspended Lateral Neck Flexion,Auxiliary,Isolated,sternocleidomastoid,Neck,Shoulders
Suspended Chest Dip,Basic,Compound,"pectoralis major, sternal",Chest,Chest
Cable Bar Squat,Basic,Compound,quadriceps,Thighs,Legs
Lever Lateral Raise (plate loaded),Basic or Auxiliary,Isolated,"deltoid, lateral",Shoulders,Shoulders
Archer Push-up,Basic or Auxiliary,Compound,"pectoralis major, sternal",Chest,Chest
Self-assisted Squat,Basic,Compound,quadriceps,Thighs,Legs
Cable Standing Chest Press,Auxiliary,Compound,"pectoralis major, sternal",Chest,Chest
Lever Front Pulldown,Basic,Compound,latissimus dorsi,Back,Back
"Side Bend (on stability ball, arms up)",Auxiliary,Isolated,obliques,Waist,Legs
Smith Incline Shoulder Raise,Auxiliary,Isolated,serratus anterior,Chest,Chest
Dumbbell Walking Lunge,Auxiliary,Compound,quadriceps,Thighs,Legs
Cable Seated Crunch (plate loaded),Auxiliary,Isolated,rectus abdominis,Waist,Legs
Barbell Rear Delt Raise,Auxiliary,Isolated,"deltoid, posterior",Shoulders,Shoulders
Cable Rear Delt Row (stirrups),Basic or Auxiliary,Compound,"deltoid, posterior",Shoulders,Shoulders
Weighted Hyperextension,Basic or Auxiliary,Compound,hamstrings,Thighs,Legs
Barbell Front Raise,Auxiliary,Isolated,"deltoid, anterior",Shoulders,Shoulders
Jack-knife Sit-up,Basic,Compound,rectus abdominis,Waist,Legs
Lever Underhand Seated Row,Basic,Compound,"back, general",Back,Back
Alternating Step-down,Auxiliary,Compound,gluteus maximus,Hips,Legs
Incline Twisting Sit-up (arms crossed),Basic,Compound,obliques,Waist,Legs
Weighted 45° Side Bend,Auxiliary,Isolated,obliques,Waist,Legs
Lever Barbell Bent-over Row (plate loaded),Basic or Auxiliary,Compound,"back, general",Back,Back
Barbell Push Crunch,Auxiliary,Isolated,rectus abdominis,Waist,Legs
Cable Bent-over Triceps Extension (with rope attachment),Basic or Auxiliary,Isolated,triceps brachii,Upper Arms,Arms
Lever Barbell Shoulder Press (plate loaded),Basic,Compound,"deltoid, anterior",Shoulders,Shoulders
Dumbbell Lying One Arm Rear Lateral Raise,Auxiliary,Isolated,"deltoid, posterior",Shoulders,Shoulders
Lever Lying Leg Curl (plate loaded),Basic,Isolated,hamstrings,Thighs,Legs
Dumbbell Front Raise,Auxiliary,Isolated,"deltoid, anterior",Shoulders,Shoulders
Bench Dip,Basic,Compound,triceps brachii,Upper Arms,Arms
Incline Rear Bridge,Auxiliary,Isolated,erector spinae,Back,Back
Lever Kneeling Hip Extension,Auxiliary,Isolated,gluteus maximus,Hips,Legs
Alternating Step Down,Auxiliary,Compound,quadriceps,Thighs,Legs
Cable Standing Straight Leg Raise,Auxiliary,Isolated,iliopsoas,Waist,Legs
Cable Standing Decline Chest Press,Auxiliary,Compound,"pectoralis major, sternal",Chest,Chest
Weighted Neck Harness Extension,Basic or Auxiliary,Isolated,splenius,Neck,Shoulders
Lever Shrug,Basic,Isolated,"trapezius, upper",Back,Back
Cable Bent-over Triceps Extension,Basic or Auxiliary,Isolated,triceps brachii,Upper Arms,Arms
Cable Side Crunch,Auxiliary,Isolated,obliques,Waist,Legs
Hanging Leg Raise (with ab straps),Auxiliary,Isolated,iliopsoas,Waist,Legs
Chest Dip (between benches),Basic,Compound,"pectoralis major, sternal",Chest,Chest
Dumbbell Incline Rear Delt Row,Basic or Auxiliary,Compound,"deltoid, posterior",Shoulders,Shoulders
Lever Bent-over Glute Kickback,Auxiliary,Compound,gluteus maximus,Hips,Legs
Suspended Leg Curl,Basic or Auxiliary,Isolated,hamstrings,Thighs,Legs
Lever T-Bar Rear Delt Row (plate loaded),Basic or Auxiliary,Compound,"deltoid, posterior",Shoulders,Shoulders
Suspended Pull-up,Basic,Compound,latissimus dorsi,Back,Back
Lever Seated Leg Press (plate loaded),Basic,Compound,gluteus maximus,Hips,Legs
Weighted Vertical Leg-Hip Raise (on parallel bars),Basic,Compound,rectus abdominis,Waist,Legs
Straight Hip Leg Curl (on stability ball),Basic or Auxiliary,Isolated,hamstrings,Thighs,Legs
Barbell Preacher Curl,Auxiliary,Isolated,brachialis,Upper Arms,Arms
Lever Barbell Single Leg Split Squat (plate loaded),Auxiliary,Compound,quadriceps,Thighs,Legs
Weighted 45° Back Extension (on hyperextension apparatus),Auxiliary,Isolated,erector spinae,Back,Back
Lever Seated Hip Adduction,Auxiliary,Isolated,"adductors, hip",Hips,Legs
Sled One Hand Grip,Basic or Auxiliary,Isolated,wrist flexors,Forearms,Arms
Cable Standing Twisting Crunch,Auxiliary,Isolated,obliques,Waist,Legs
Cable One Arm Triceps Extension (supinated grip),Auxiliary,Isolated,triceps brachii,Upper Arms,Arms
Lever Bent-over Row (plate loaded),Basic,Compound,"general, back",Back,Back
Barbell Front Squat,Auxiliary,Compound,gluteus maximus,Hips,Legs
Weighted Neutral Grip Chin-up,Basic,Compound,latissimus dorsi,Back,Back
Weighted Lying Leg Raise,Auxiliary,Isolated,iliopsoas,Waist,Legs
Lever Power Runner (plate loaded),Auxiliary,Compound,gluteus maximus,Hips,Legs
Sled Reverse Donkey Calf Raise (plate loaded),Basic or Auxiliary,Isolated,tibialis anterior,Calves,Legs
Incline Twisting Crunch,Auxiliary,Isolated,obliques,Waist,Legs
Lever T-bar Row (plate loaded),Basic,Compound,"general, back",Back,Back
Reverse Hyper-extension (on stability ball),Auxiliary,Isolated,gluteus maximus,Hips,Legs
Lever Pulldown,Basic,Compound,latissimus dorsi,Back,Back
Machine-assisted Parallel Close Grip Pull-up (standing),Basic,Compound,latissimus dorsi,Back,Back
Smith Straight Leg Deadlift,Basic,Compound,erector spinae,Back,Back
Lever Lying Leg Raise,Auxiliary,Isolated,iliopsoas,Waist,Legs
Barbell Single Leg Stiff-leg Deadlift,Auxiliary,Isolated,gluteus maximus (supporting leg),Hips,Legs
Cable One Arm Straight Back Seated High Row,Basic or Auxiliary,Compound,"back, general",Back,Back
Cable One Arm Single Leg Split Squat,Auxiliary,Compound,quadriceps,Thighs,Legs
Lever Alternating Triceps Extension,Basic or Auxiliary,Isolated,triceps brachii,Upper Arms,Arms
Dumbbell Bench Press,Basic,Compound,"pectoralis major, sternal",Chest,Chest
Lever Seated Twist,Auxiliary,Isolated,obliques,Waist,Legs
Reverse Calf Raise,Basic or Auxiliary,Isolated,tibialis anterior,Calves,Legs
Weighted Pull-up,Basic,Compound,latissimus dorsi,Back,Back
Single Leg Half Squat,Basic or Auxiliary,Compound,quadriceps,Thighs,Legs
Cable One Arm Pulldown,Basic or Auxiliary,Compound,latissimus dorsi,Back,Back
Single Leg Reclining Squat (bar),Basic or Auxiliary,Compound,quadriceps,Thighs,Legs
Lever Grip,Basic or Auxiliary,Isolated,wrist flexors,Forearms,Arms
Cable Seated Twist,Auxiliary,Isolated,obliques,Waist,Legs
Cable Incline Bench Press,Basic or Auxiliary,Compound,"pectoralis major, clavicular",Chest,Chest
Barbell Split Squat,Auxiliary,Compound,gluteus maximus,Hips,Legs
Cable Standing Shoulder Press,Basic or Auxiliary,Compound,"deltoid, anterior",Shoulders,Shoulders
Cable Wrist Curl,Basic or Auxiliary,Isolated,wrist flexors,Forearms,Arms
Barbell Shrug,Basic,Isolated,"trapezius, upper",Back,Back
Lever Seated Fly (gripless),Auxiliary,Isolated,"pectoralis major, sternal",Chest,Chest
Single Leg Calf Raise,Basic or Auxiliary,Isolated,gastrocnemius,Calves,Legs
Cable Parallel Close Grip Pull-up,Basic,Compound,latissimus dorsi,Back,Back
One Arm Push-up,Basic or Auxiliary,Compound,"pectoralis major, sternal",Chest,Chest
Sled 45° Reverse Calf Raise (on hack press),Basic or Auxiliary,Isolated,tibialis anterior,Calves,Legs
Sled Kneeling Glute Kickback,Auxiliary,Compound,gluteus maximus,Hips,Legs
Cable Glute Kickback,Auxiliary,Compound,gluteus maximus,Hips,Legs
Lever Underhand Pulldown,Basic,Compound,latissimus dorsi,Back,Back
Dumbbell Pullover,Auxiliary,Isolated,"pectoralis major, sternal",Chest,Chest
Smith Close Grip Incline Bench Press,Basic or Auxiliary,Compound,triceps brachii,Upper Arms,Arms
Barbell Sumo Deadlift,Basic,Compound,gluteus maximus,Hips,Legs
Rear Bridge,Auxiliary,Isolated,erector spinae,Back,Back
Smith Stiff Leg Deadlift,Basic or Auxiliary,Compound,gluteus maximus,Hips,Legs
Wall Rear Neck Bridge,Basic or Auxiliary,Isolated,splenius,Neck,Shoulders
Lever Seated Calf Raise (plate loaded),Auxiliary,Isolated,soleus,Calves,Legs
Barbell Bent Knee Good-morning,Auxiliary,Isolated,gluteus maximus,Hips,Legs
Single Leg Squat (pistol),Basic or Auxiliary,Compound,gluteus maximus,Hips,Legs
Lever Stiff Leg Deadlift (plate loaded),Basic or Auxiliary,Compound,gluteus maximus,Hips,Legs
Suspended Hyperextension,Basic or Auxiliary,Compound,hamstrings,Thighs,Legs
Lever Lying Fly,Auxiliary,Isolated,"pectoralis major, sternal",Chest,Chest
Lever Lying Crunch (plate loaded),Auxiliary,Isolated,rectus abdominis,Waist,Legs
Cable Alternating Standing Pulldown,Basic or Auxiliary,Compound,latissimus dorsi,Back,Back
Suspended Rear Delt Inverted Row,Basic or Auxiliary,Compound,"deltoid, posterior",Shoulders,Shoulders
Cable Rear Pulldown,Basic,Compound,latissimus dorsi,Back,Back
Self-assisted Single Leg Squat (leg wrapped),Basic or Auxiliary,Compound,quadriceps,Thighs,Legs
Cable Triceps Extension,Basic or Auxiliary,Isolated,triceps brachii,Upper Arms,Arms
Trap Bar Squat,Basic or Auxiliary,Compound,gluteus maximus,Hips,Legs
Cable Standing Rear Delt Row (stirrups),Basic or Auxiliary,Compound,"deltoid, posterior",Shoulders,Shoulders
Weighted Incline Twisting Sit-up (arms crossed),Basic,Compound,obliques,Waist,Legs
Lever Back Extension,Auxiliary,Isolated,erector spinae,Back,Back
Lever Calf Extension,Basic,Isolated,gastrocnemius,Calves,Legs
Machine-assisted Chest Dip,Basic,Compound,"pectoralis major, sternal",Chest,Chest
Step-up,Basic or Auxiliary,Compound,quadriceps,Thighs,Legs
Lever Overhand Triceps Dip,Basic,Compound,triceps brachii,Upper Arms,Arms
Weighted Incline Sit-up,Basic,Compound,rectus abdominis,Waist,Legs
Single Leg Hip Thrust,Auxiliary,Isolated,gluteus maximus,Hips,Legs
Barbell Standing Leg Calf Raise,Basic,Isolated,gastrocnemius,Calves,Legs
Barbell Alternating Lunge To Rear Lunge,Auxiliary,Compound,quadriceps,Thighs,Legs
Lever Curl,Basic or Auxiliary,Isolated,biceps brachii,Upper Arms,Arms
Inverse Leg Curl,Basic,Isolated,hamstrings,Thighs,Legs
Suspended Neck Flexion,Basic or Auxiliary,Isolated,sternocleidomastoid,Neck,Shoulders
Barbell Curl,Basic,Isolated,biceps brachii,Upper Arms,Arms
Lever Standing Leg Curl (on leg extension),Basic or Auxiliary,Isolated,hamstrings,Thighs,Legs
Weighted Neck Extension,Basic or Auxiliary,Isolated,splenius,Neck,Shoulders
Barbell Side Lunge,Auxiliary,Compound,gluteus maximus,Hips,Legs
Lever Parallel Grip Chest Press,Basic,Compound,"pectoralis major, sternal",Chest,Chest
Lever Seated Low Row (plate loaded),Auxiliary,Compound,"back, general",Back,Back
Leg Curl (on ball),Basic or Auxiliary,Isolated,hamstrings,Thighs,Legs
Cable One Arm Wrist Curl,Basic or Auxiliary,Isolated,wrist flexors,Forearms,Arms
Cable Bar Shoulder Press,Basic,Compound,"deltoid, anterior",Shoulders,Shoulders
Cambered Barbell Seated Shrug,Basic or Auxiliary,Isolated,"trapezius, upper",Back,Back
Sled Standing Calf Raise,Basic,Isolated,gastrocnemius,Calves,Legs
Barbell Alternating Lunge & Rear Lunge,Auxiliary,Compound,quadriceps,Thighs,Legs
Barbell Behind Neck Press,Basic,Compound,"deltoid, anterior",Shoulders,Shoulders
Cable Reverse Curl,Auxiliary,Isolated,brachioradialis,Forearms,Arms
Smith Rear Lunge,Auxiliary,Compound,gluteus maximus,Hips,Legs
Lying Neck Retraction Isometric,Auxiliary,Isolated,splenius,Neck,Shoulders
Lever Alternating Narrow Grip Seated Row (plate loaded),Basic or Auxiliary,Compound,"back, general",Back,Back
Cable Y Raise,Auxiliary,Isolated,"deltoid, lateral",Shoulders,Shoulders
Suspended Hanging Leg Curl,Basic or Auxiliary,Isolated,hamstrings,Thighs,Legs
Lever Reverse Calf Raise (plate loaded),Basic or Auxiliary,Isolated,tibialis anterior,Calves,Legs
Dumbbell Step-up,Basic or Auxiliary,Compound,quadriceps,Thighs,Legs
Lever One Arm Front Raise,Auxiliary,Isolated,"deltoid, anterior",Shoulders,Shoulders
Single Leg Reverse Calf Raise,Auxiliary,Isolated,tibialis anterior,Calves,Legs
Sled 45° Calf Raise (plate loaded),Basic,Isolated,gastrocnemius,Calves,Legs
Inverted Biceps Row,Basic or Auxiliary,Compound,biceps brachii,Upper Arms,Arms
Smith Reverse Calf Raise,Basic or Auxiliary,Isolated,tibialis anterior,Calves,Legs
Dumbbell Arnold Press,Basic or Auxiliary,Compound,"deltoid, anterior",Shoulders,Shoulders
Lying Leg-Hip Raise,Basic,Compound,rectus abdominis,Waist,Legs
Incline Push-up,Basic or Auxiliary,Compound,"pectoralis major, sternal",Chest,Chest
Lever Leg Extension (plate loaded),Auxiliary,Isolated,quadriceps,Thighs,Legs
Lever Single Leg Seated Leg Press,Auxiliary,Compound,gluteus maximus,Hips,Legs
Lever Seated Fly,Auxiliary,Isolated,"pectoralis major, sternal",Chest,Chest
Cable Bar Bent-over Triceps Extension,Basic or Auxiliary,Isolated,triceps brachii,Upper Arms,Arms
Suspended Self-assisted Pull-up,Basic,Compound,latissimus dorsi,Back,Back
Dumbbell Reverse Wrist Curl,Basic or Auxiliary,Isolated,wrist extensors,Forearms,Arms
Lever Standing Calf Raise (belt loaded),Basic,Isolated,gastrocnemius,Calves,Legs
Weighted Overhead Crunch (on stability ball),Auxiliary,Isolated,rectus abdominis,Waist,Legs
Dumbbell Front Squat,Basic or Auxiliary,Compound,quadriceps,Thighs,Legs
Cable Lying Hip Adduction,Auxiliary,Isolated,"adductors, hip",Hips,Legs
Barbell Bench Press (power lift),Basic,Compound,"pectoralis major, sternal",Chest,Chest
Suspended Self-assisted Triceps Dip,Basic,Compound,triceps brachii,Upper Arms,Arms
Weighted Twisting Sit-up,Basic,Compound,obliques,Waist,Legs
Cable Standing Overhead Crunch,Auxiliary,Isolated,rectus abdominis,Waist,Legs
Decline Push-up (on stability ball),Basic or Auxiliary,Compound,"pectoralis major, clavicular",Chest,Chest
Cable Seated Crunch,Auxiliary,Isolated,rectus abdominis,Waist,Legs
Crunch Up,Auxiliary,Isolated,rectus abdominis,Waist,Legs
Smith Shoulder Press,Basic,Compound,"deltoid, anterior",Shoulders,Shoulders
Cable One Arm Incline Push,Auxiliary,Compound,serratus anterior,Chest,Chest
Vertical Twisting Leg Raise (on dip bar),Auxiliary,Isolated,obliques,Waist,Legs
Smith Wide Squat,Basic,Compound,quadriceps,Thighs,Legs
Sled Hack Press,Basic or Auxiliary,Compound,quadriceps,Thighs,Legs
Cable Simultaneous Alternating Standing Pulldown,Basic or Auxiliary,Compound,latissimus dorsi,Back,Back
Incline Crunch (arms down),Auxiliary,Isolated,rectus abdominis,Waist,Legs
Triceps Dip (between benches),Basic,Compound,triceps brachii,Upper Arms,Arms
Lever Bent-over Leg Curl,Basic,Isolated,hamstrings,Thighs,Legs
Weighted Belt Squat,Basic or Auxiliary,Compound,gluteus maximus,Hips,Legs
Lever Split V-Squat,Auxiliary,Compound,gluteus maximus,Hips,Legs
Weighted Close Grip Push-up,Basic,Compound,triceps brachii,Upper Arms,Arms
Lever Donkey Calf Raise (plate loaded),Basic,Isolated,gastrocnemius,Calves,Legs
Cable Parallel Grip Pulldown,Basic,Compound,latissimus dorsi,Back,Back
Lever Alternating Underhand Seated Row (plate loaded),Basic or Auxiliary,Compound,"back, general",Back,Back
Cable Lying Leg-Hip Raise,Basic,Compound,rectus abdominis,Waist,Legs
Lever Seated Leg Curl (plate loaded),Basic,Isolated,hamstrings,Thighs,Legs
Cable Seated Curl,Basic or Auxiliary,Isolated,biceps brachii,Upper Arms,Arms
Lever Alternating Seated High Row,Basic or Auxiliary,Compound,"back, general",Back,Back
Dumbbell Rear Lateral Raise,Auxiliary,Isolated,"deltoid, posterior",Shoulders,Shoulders
Leg Curl (on power wheel),Basic or Auxiliary,Isolated,hamstrings,Thighs,Legs
Lever Seated Decline Fly (gripless),Auxiliary,Isolated,"pectoralis major, sternal",Chest,Chest
Neutral Grip Pull-up,Basic,Compound,latissimus dorsi,Back,Back
Dumbbell Lying Supination,Auxiliary,Isolated,supinator,Forearms,Arms
"45° Hyperextension (across bench, hands behind neck)",Basic or Auxiliary,Compound,erector spinae,Back,Back
Suspended Pike Press,Basic,Compound,"deltoid, anterior",Shoulders,Shoulders
Dumbbell Incline Y Raise,Auxiliary,Isolated,"deltoid, lateral",Shoulders,Shoulders
Cable Alternating Seated Pushdown,Auxiliary,Isolated,triceps brachii,Upper Arms,Arms
Single Leg Squat (with leg back),Basic or Auxiliary,Compound,gluteus maximus,Hips,Legs
Cable Incline Row,Basic or Auxiliary,Compound,"back, general",Back,Back
Dumbbell Incline Bench Press,Basic or Auxiliary,Compound,"pectoralis major, clavicular",Chest,Chest
Bench Dip (heels on floor),Basic,Compound,triceps brachii,Upper Arms,Arms
Vertical Leg Raise,Auxiliary,Isolated,iliopsoas,Waist,Legs
Dumbbell Incline Row,Basic,Compound,"back, general",Back,Back
Lever 45° Calf Raise (plate loaded),Basic,Isolated,gastrocnemius,Calves,Legs
Lever Incline Shoulder Raise (plate loaded),Auxiliary,Isolated,serratus anterior,Chest,Chest
Safety Barbell Squat (self-spotting),Basic,Compound,quadriceps,Thighs,Legs
Band-assisted Archer Pull-up,Basic,Compound,latissimus dorsi,Back,Back
Barbell Sumo Block Pull,Basic or Auxiliary,Compound,gluteus maximus,Hips,Legs
Cable Neck Extension,Basic or Auxiliary,Isolated,splenius,Neck,Shoulders
Lever Narrow Grip Seated Row (plate loaded),Basic,Compound,"back, general",Back,Back
Weighted Back Raise (on hyperextension apparatus),Auxiliary,Isolated,hamstrings,Thighs,Legs
Lever Close Grip Pulldown,Basic,Compound,latissimus dorsi,Back,Back
Cable Pushdown,Basic or Auxiliary,Isolated,triceps brachii,Upper Arms,Arms
Cable One Arm Curl,Auxiliary,Isolated,biceps brachii,Upper Arms,Arms
Archer Pull-up,Basic,Compound,latissimus dorsi,Back,Back
Cable Pull-up,Basic,Compound,latissimus dorsi,Back,Back
Jack-knife on Power Wheel,Auxiliary,Isolated,iliopsoas,Waist,Legs
Dumbbell Lying Rear Delt Row,Basic or Auxiliary,Compound,"deltoid, posterior",Shoulders,Shoulders
Trap Bar Shrug (elevated stand),Basic,Isolated,"trapezius, upper",Back,Back
Lever Single Leg Squat (plate loaded),Auxiliary,Compound,gluteus maximus,Hips,Legs
Lever Alternating Calf Extension,Basic or Auxiliary,Isolated,gastrocnemius,Calves,Legs
Cable Neck Flexion (with belt),Basic or Auxiliary,Isolated,sternocleidomastoid,Neck,Shoulders
Barbell Squat (low bar),Basic,Compound,gluteus maximus,Hips,Legs
Machine-assisted Pull-up (open-centered bar),Basic,Compound,latissimus dorsi,Back,Back
Hyperextension (hands behind hips),Basic or Auxiliary,Compound,erector spinae,Back,Back
Cable Stiff Leg Deadlift,Basic or Auxiliary,Compound,gluteus maximus,Hips,Legs
Weighted 45° Hyperextension,Basic or Auxiliary,Compound,hamstrings,Thighs,Legs
Split Squat,Basic or Auxiliary,Compound,quadriceps,Thighs,Legs
Weighted Sit-up,Basic,Compound,rectus abdominis,Waist,Legs
Trap Bar Straight Leg Deadlift,Basic,Compound,hamstrings,Thighs,Legs
Lever Gripless Shrug,Auxiliary,Isolated,"trapezius, upper",Back,Back
Sled 45° Leg Press,Basic,Compound,quadriceps,Thighs,Legs
Self-assisted Single Leg Calf Raise,Basic or Auxiliary,Isolated,gastrocnemius,Calves,Legs
Weighted Incline Crunch,Auxiliary,Isolated,rectus abdominis,Waist,Legs
Cable Twisting Overhead Press,Basic or Auxiliary,Compound,"deltoid, anterior",Shoulders,Shoulders
Cable Seated Rear Delt Row (stirrups),Basic or Auxiliary,Compound,"deltoid, posterior",Shoulders,Shoulders
Lever Seated Calf Press,Basic,Isolated,gastrocnemius,Calves,Legs
Dumbbell Single Leg Squat,Auxiliary,Compound,gluteus maximus,Hips,Legs
Dumbbell Supine Shoulder Internal Rotation (on bench with shoulder abducted),Auxiliary,Isolated,subscapularis,Shoulders,Shoulders
Reclining Vertical Leg-Hip Raise,Basic,Compound,rectus abdominis,Waist,Legs
Suspended Pendulum,Auxiliary,Isolated,obliques,Waist,Legs
Barbell Close Grip Incline Bench Press,Basic or Auxiliary,Compound,triceps brachii,Upper Arms,Arms
"Back Extension (on stability ball, arms down)",Auxiliary,Isolated,erector spinae,Back,Back
Cable Preacher Curl,Auxiliary,Isolated,brachialis,Upper Arms,Arms
Suspended Reclining Squat,Basic,Compound,gluteus maximus,Hips,Legs
Lever Reverse Hyper-extension (plate loaded),Auxiliary,Isolated,gluteus maximus,Hips,Legs
Lever Barbell Rear Lunge (plate loaded),Auxiliary,Compound,gluteus maximus,Hips,Legs
Dumbbell Seated Rear Lateral Raise,Auxiliary,Isolated,"deltoid, posterior",Shoulders,Shoulders
Weighted Inverse Leg Curl,Basic,Isolated,hamstrings,Thighs,Legs
Cable Assisted Wheel Rollout,Auxiliary,Isolated,iliopsoas,Waist,Legs
Dumbbell Squat,Basic or Auxiliary,Compound,gluteus maximus,Hips,Legs
"45° Hyperextension (on stability ball, arms crossed)",Basic or Auxiliary,Compound,erector spinae,Back,Back
Suspended Twisting Jack-knife,Basic or Auxiliary,Compound,obliques,Waist,Legs
Rear Lunge,Basic or Auxiliary,Compound,gluteus maximus,Hips,Legs
Cable Bar Upright Row,Basic,Compound,"deltoid, lateral",Shoulders,Shoulders
Weighted Single Leg Squat,Auxiliary,Compound,gluteus maximus,Hips,Legs
Side Plank,Auxiliary,Isolated,obliques,Waist,Legs
Lever Neck Flexion (plate loaded),Basic or Auxiliary,Isolated,sternocleidomastoid,Neck,Shoulders
Trap Bar Deadlift,Basic,Compound,gluteus maximus,Hips,Legs
Self-assisted Inverse Leg Curl,Basic,Isolated,hamstrings,Thighs,Legs
"Back Extension (on stability ball, arms up)",Auxiliary,Isolated,erector spinae,Back,Back
Lever Standing Calf Raise,Basic,Isolated,gastrocnemius,Calves,Legs
Dumbbell Side Lunge,Auxiliary,Compound,gluteus maximus,Hips,Legs
Smith Single Leg Squat,Auxiliary,Compound,quadriceps,Thighs,Legs
Lever Incline Row (plate loaded),Basic,Compound,"back, general",Back,Back
Sled Standing Reverse Calf Raise,Basic or Auxiliary,Isolated,tibialis anterior,Calves,Legs
Barbell Lying Triceps Extension,Basic,Isolated,triceps brachii,Upper Arms,Arms
Lever Single Leg Seated Leg Press (plate loaded),Auxiliary,Compound,quadriceps,Thighs,Legs
Lever Alternating Leg Extension,Auxiliary,Isolated,quadriceps,Thighs,Legs
Cable Pulldown,Basic,Compound,latissimus dorsi,Back,Back
Weighted Push-up,Basic or Auxiliary,Compound,"pectoralis major, sternal",Chest,Chest
Dumbbell Front Lateral Raise,Auxiliary,Isolated,supraspinatus,Shoulders,Shoulders
Cable One Arm Single Leg Calf Raise,Basic or Auxiliary,Isolated,gastrocnemius,Calves,Legs
Weighted Incline Twisting Crunch (arms crossed),Auxiliary,Isolated,obliques,Waist,Legs
Lever Lateral Raise,Basic or Auxiliary,Isolated,"deltoid, lateral",Shoulders,Shoulders
Smith Single Leg Split Squat,Auxiliary,Compound,quadriceps,Thighs,Legs
Lever Leg Extension,Auxiliary,Isolated,quadriceps,Thighs,Legs
Lever Standing Tibia Raise (plate loaded),Auxiliary,Isolated,tibialis anterior,Calves,Legs
Suspended Neck Extension,Basic or Auxiliary,Isolated,splenius,Neck,Shoulders
Machine-assisted Parallel Close Grip Pull-up,Basic,Compound,latissimus dorsi,Back,Back
Sled Vertical Leg Press,Basic,Compound,quadriceps,Thighs,Legs
Lever Vertical Leg-Hip Raise (plate loaded),Basic,Compound,rectus abdominis,Waist,Legs
Weighted Hip Thrust,Auxiliary,Isolated,gluteus maximus,Hips,Legs
Cable Squat,Basic or Auxiliary,Compound,gluteus maximus,Hips,Legs
Lever Preacher Curl,Auxiliary,Isolated,brachialis,Upper Arms,Arms
Sled Single Leg 45° Leg Press,Auxiliary,Compound,gluteus maximus,Hips,Legs
Jack-knife on Ball,Auxiliary,Isolated,iliopsoas,Waist,Legs
Barbell Standing Reverse Preacher Curl,Auxiliary,Isolated,brachioradialis,Forearms,Arms
Cable Standing Row,Basic or Auxiliary,Compound,"back, general",Back,Back
Lateral Step-up,Auxiliary,Compound,quadriceps,Thighs,Legs
Cable Single Leg Split Squat,Auxiliary,Compound,quadriceps,Thighs,Legs
Lever Lying Leg Press (custom - plate loaded),Basic,Compound,quadriceps,Thighs,Legs
Roman Chair Sit-up,Auxiliary,Isolated,iliopsoas,Waist,Legs
Cable Lateral Raise (pulleys close),Basic or Auxiliary,Isolated,"deltoid, lateral",Shoulders,Shoulders
Cable Alternating Seated High Row,Basic or Auxiliary,Compound,"back, general",Back,Back
Cable Parallel Grip Pull-up,Basic,Compound,latissimus dorsi,Back,Back
Lever Pullover,Auxiliary,Isolated,latissimus dorsi,Back,Back
Dumbbell Incline Shoulder External Rotation,Auxiliary,Isolated,infraspinatus,Shoulders,Shoulders
Weighted Lying Twist,Auxiliary,Isolated,obliques,Waist,Legs
Cable Alternating Pulldown,Basic or Auxiliary,Compound,latissimus dorsi,Back,Back
Medicine Ball Straight Arm Russian Twist (legs extended),Auxiliary,Isolated,obliques,Waist,Legs
Cable Reverse Wrist Curl,Basic or Auxiliary,Isolated,wrist extensors,Forearms,Arms
Cable Reverse Fly,Auxiliary,Isolated,"deltoid, posterior",Shoulders,Shoulders
Lever Seated Forearm Supination,Auxiliary,Isolated,supinator,Forearms,Arms
Cable Belt Squat,Basic or Auxiliary,Compound,quadriceps,Thighs,Legs
Lever Alternating Decline Chest Press,Basic or Auxiliary,Compound,"pectoralis major, sternal",Chest,Chest
Barbell Drag Curl,Auxiliary,Isolated,biceps brachii,Upper Arms,Arms
Lever Pulldown (parallel grip),Basic,Compound,latissimus dorsi,Back,Back
Neutral Grip Chin-up,Basic,Compound,latissimus dorsi,Back,Back
Cable Full Can Lateral Raise,Auxiliary,Isolated,supraspinatus,Shoulders,Shoulders
Weighted Single Leg Calf Raise,Basic or Auxiliary,Isolated,gastrocnemius,Calves,Legs
Single Leg Hanging Hamstring Bridge Curl,Basic or Auxiliary,Compound,hamstrings,Thighs,Legs
Hanging Straight Hip Leg Curl,Basic or Auxiliary,Isolated,hamstrings,Thighs,Legs
Dumbbell Incline Shoulder Raise,Auxiliary,Isolated,serratus anterior,Chest,Chest
Lever 45° Leg Press (plate loaded),Basic,Compound,gluteus maximus,Hips,Legs
Lever Lying Crunch,Auxiliary,Isolated,rectus abdominis,Waist,Legs
Lever Lying Leg-Hip Raise,Basic,Compound,rectus abdominis,Waist,Legs
Barbell Single Leg Squat,Auxiliary,Compound,quadriceps,Thighs,Legs
Band-assisted Parallel Grip Pull-up,Basic,Compound,latissimus dorsi,Back,Back
Smith Seated Calf Raise,Auxiliary,Isolated,soleus,Calves,Legs
Suspended Chest Press,Basic or Auxiliary,Compound,"pectoralis major, sternal",Chest,Chest
Smith Front Squat,Auxiliary,Compound,quadriceps,Thighs,Legs
Cable One Arm Split Squat,Auxiliary,Compound,gluteus maximus,Hips,Legs
Lever Rear Delt Raise (plate loaded),Auxiliary,Isolated,"deltoid, posterior",Shoulders,Shoulders
Suspended Rear Delt Row,Basic or Auxiliary,Compound,"deltoid, posterior",Shoulders,Shoulders
Cable Seated Shoulder Internal Rotation,Auxiliary,Isolated,subscapularis,Shoulders,Shoulders
Dumbbell One Arm Reclined Triceps Extension,Basic or Auxiliary,Isolated,triceps brachii,Upper Arms,Arms
Dumbbell Standing Preacher Curl,Auxiliary,Isolated,brachialis,Upper Arms,Arms
Lever Alternating Shoulder Press,Basic,Compound,"deltoid, anterior",Shoulders,Shoulders
Lever Decline Bench Press,Basic or Auxiliary,Compound,"pectoralis major, sternal",Chest,Chest
Lever Seated Crunch,Auxiliary,Isolated,rectus abdominis,Waist,Legs
Smith Decline Bench Press,Basic or Auxiliary,Compound,"pectoralis major, sternal",Chest,Chest
Inverted Shrug (on parallel bars),Basic or Auxiliary,Isolated,"trapezius, upper",Back,Back
Weighted Lying Leg-Hip Raise,Basic,Compound,rectus abdominis,Waist,Legs
Lever Seated Reverse Fly (pronated parallel grip),Auxiliary,Isolated,"deltoid, posterior",Shoulders,Shoulders
Cable Twisting Seated Row,Basic or Auxiliary,Compound,"back, general",Back,Back
Lever Standing Glute Kickback,Auxiliary,Compound,gluteus maximus,Hips,Legs
Sled Lying Leg Press (plate loaded),Basic,Compound,gluteus maximus,Hips,Legs
Suspended Straight Hip Leg Curl,Basic or Auxiliary,Isolated,hamstrings,Thighs,Legs
Barbell Floor Press,Auxiliary,Compound,"pectoralis major, sternal",Chest,Chest
Lever Hip Thrust (on lying leg curl machine),Auxiliary,Isolated,gluteus maximus,Hips,Legs
Chin-up,Basic,Compound,latissimus dorsi,Back,Back
Barbell Hack Squat,Auxiliary,Compound,gluteus maximus,Hips,Legs
Dumbbell Alternating Side Lunge,Auxiliary,Compound,quadriceps,Thighs,Legs
Lever Decline Pec Deck Fly,Auxiliary,Isolated,"pectoralis major, sternal",Chest,Chest
Lever Alternating Incline Chest Press,Basic or Auxiliary,Compound,"pectoralis major, clavicular",Chest,Chest
Weighted Incline Straight Leg Raise (arms on pads),Auxiliary,Isolated,iliopsoas,Waist,Legs
Machine-assisted Pull-up,Basic,Compound,latissimus dorsi,Back,Back
Cable One Arm Preacher Curl,Auxiliary,Isolated,brachialis,Upper Arms,Arms
Barbell Rack Pull,Basic or Auxiliary,Compound,gluteus maximus,Hips,Legs
Weighted Lying Neck Flexion,Basic or Auxiliary,Isolated,sternocleidomastoid,Neck,Shoulders
Barbell Bent-over Row,Basic,Compound,"back, general",Back,Back
Cable Straight Back Seated Row,Basic,Compound,"back, general",Back,Back
Decline Push-up,Basic or Auxiliary,Compound,"pectoralis major, clavicular",Chest,Chest
"Back Extension (on stability ball, arms crossed)",Auxiliary,Isolated,erector spinae,Back,Back
Lever Alternating Bent-over Leg Curl,Basic or Auxiliary,Isolated,hamstrings,Thighs,Legs
Dumbbell Split Squat,Auxiliary,Compound,gluteus maximus,Hips,Legs
Smith Donkey Calf Raise,Basic,Isolated,gastrocnemius,Calves,Legs
Dumbbell Decline Triceps Extension,Auxiliary,Isolated,triceps brachii,Upper Arms,Arms
Cable Bent-over Pullover,Auxiliary,Isolated,latissimus dorsi,Back,Back
Dumbbell Straight-back Straight-leg Deadlift,Basic or Auxiliary,Isolated,hamstrings,Thighs,Legs
Cable Pulldown (stirrups),Basic,Compound,latissimus dorsi,Back,Back
Lever Hack Press (plate loaded),Basic or Auxiliary,Compound,quadriceps,Thighs,Legs
Sled Single Leg Hack Squat,Auxiliary,Compound,quadriceps,Thighs,Legs
Lever One Arm Shoulder Press (plate loaded),Basic or Auxiliary,Compound,"deltoid, anterior",Shoulders,Shoulders
Cable Bar Bench Press,Basic,Compound,"pectoralis major, sternal",Chest,Chest
Dumbbell Seated Supination,Auxiliary,Isolated,supinator,Forearms,Arms
Lever Seated Leg Raise Crunch,Auxiliary,Isolated,rectus abdominis,Waist,Legs
Self-assisted Chest Dip,Basic,Compound,"pectoralis major, sternal",Chest,Chest
Bench Dip (knees bent),Basic,Compound,triceps brachii,Upper Arms,Arms
Lever Forward Angled Calf Raise,Basic,Isolated,gastrocnemius,Calves,Legs
Dumbbell Alternating Front Raise,Auxiliary,Isolated,"deltoid, anterior",Shoulders,Shoulders
V-up,Basic,Compound,rectus abdominis,Waist,Legs
Cable Bar Front Raise,Auxiliary,Isolated,"deltoid, anterior",Shoulders,Shoulders
Lever Decline Chest Press,Basic or Auxiliary,Compound,"pectoralis major, sternal",Chest,Chest
Lever Incline Bench Press (plate loaded),Basic or Auxiliary,Compound,"pectoralis major, clavicular",Chest,Chest
Dumbbell Single Leg Calf Raise,Basic or Auxiliary,Isolated,gastrocnemius,Calves,Legs
Cable One Arm Shrug,Auxiliary,Isolated,"trapezius, upper",Back,Back
Inverted Row (on hips),Basic or Auxiliary,Compound,"back, general",Back,Back
Parallel Close Grip Pull-up,Basic,Compound,latissimus dorsi,Back,Back
Sled One Hand Pinch Grip (plate loaded),Basic or Auxiliary,Isolated,wrist flexors,Forearms,Arms
Cable Alternating Curl,Basic or Auxiliary,Isolated,biceps brachii,Upper Arms,Arms
Glute-Ham Raise (hands behind hips),Basic or Auxiliary,Isolated,hamstrings,Thighs,Legs
Self-assisted Squat (on suspension trainer),Basic,Compound,quadriceps,Thighs,Legs
Smith Hack Squat,Auxiliary,Compound,gluteus maximus,Hips,Legs
Incline Crunch (arms crossed),Auxiliary,Isolated,rectus abdominis,Waist,Legs
Self-assisted Single Leg Reclining Squat (pole),Basic or Auxiliary,Compound,gluteus maximus,Hips,Legs
Sled Grip (plate loaded),Basic or Auxiliary,Isolated,wrist flexors,Forearms,Arms
Cable Alternating Seated Front Raise,Auxiliary,Isolated,"deltoid, anterior",Shoulders,Shoulders
Lever Chest Dip,Basic,Compound,"pectoralis major, sternal",Chest,Chest
Dumbbell Incline Triceps Extension,Auxiliary,Isolated,triceps brachii,Upper Arms,Arms
Lever Alternating Kneeling Hip Extension,Auxiliary,Isolated,gluteus maximus,Hips,Legs
Dumbbell Full Can Seated Front Raise,Auxiliary,Isolated,"deltoid, anterior",Shoulders,Shoulders
Cable Twisting Standing Chest Press,Auxiliary,Compound,"pectoralis major, sternal",Chest,Chest
Lever Barbell Bench Press (plate loaded),Basic,Compound,"pectoralis major, sternal",Chest,Chest
Contralateral Superman,Auxiliary,Isolated,erector spinae,Back,Back
Cable Lying Triceps Extension,Basic,Isolated,triceps brachii,Upper Arms,Arms
Smith Upright Row,Basic,Compound,"deltoid, lateral",Shoulders,Shoulders
Cable Seated Shoulder External Rotation,Auxiliary,Isolated,infraspinatus,Shoulders,Shoulders
Weighted Bench Dip,Basic,Compound,triceps brachii,Upper Arms,Arms
Lever Shrug (plate loaded),Basic,Isolated,"trapezius, upper",Back,Back
Sled Single Leg Lying Leg Press,Auxiliary,Compound,quadriceps,Thighs,Legs
Cable Hip Adduction,Auxiliary,Isolated,"adductors, hip",Hips,Legs
Single Leg Decline Rear Bridge,Auxiliary,Isolated,erector spinae,Back,Back
Lever Hammer Preacher Curl,Auxiliary,Isolated,brachioradialis,Forearms,Arms
Pike Push-up,Basic or Auxiliary,Compound,"pectoralis major, clavicular",Chest,Chest
Lever Seated Hip Adduction (plate loaded),Auxiliary,Isolated,"adductors, hip",Hips,Legs
Push-up Plus,Auxiliary,Compound,serratus anterior,Chest,Chest
Suspended Hip Bridge,Auxiliary,Isolated,gluteus maximus,Hips,Legs
Cable Decline Triceps Extension,Basic,Isolated,triceps brachii,Upper Arms,Arms
Close Grip Incline Push-up (on bar),Basic,Compound,triceps brachii,Upper Arms,Arms
Barbell Wrist Curl,Basic or Auxiliary,Isolated,wrist flexors,Forearms,Arms
Lever Shoulder Internal Rotation,Auxiliary,Isolated,subscapularis,Shoulders,Shoulders
Vertical Straight Leg-Hip Raise (parallel bars),Basic,Compound,rectus abdominis,Waist,Legs
Cable One Arm Lateral Raise,Basic or Auxiliary,Isolated,"deltoid, lateral",Shoulders,Shoulders
Lever Calf Extension (bilateral),Basic,Isolated,gastrocnemius,Calves,Legs
Dumbbell Rear Lunge,Auxiliary,Compound,quadriceps,Thighs,Legs
"Lever Calf Raise (on v-squat machine, plate loaded)",Basic,Isolated,gastrocnemius,Calves,Legs
Dumbbell Incline Curl,Basic or Auxiliary,Isolated,biceps brachii,Upper Arms,Arms
Lying Twist,Auxiliary,Isolated,obliques,Waist,Legs
Lever Bent-over Fly (on iron cross machine),Auxiliary,Isolated,"pectoralis major, sternal",Chest,Chest
Lever Grip (plate loaded),Basic or Auxiliary,Isolated,wrist flexors,Forearms,Arms
Cable Lying Leg-Hip Raise (on bench),Basic,Compound,rectus abdominis,Waist,Legs
Suspended One Arm Row,Basic or Auxiliary,Compound,"back, general",Back,Back
Barbell Lunge,Auxiliary,Compound,gluteus maximus,Hips,Legs
Dumbbell Lateral Raise,Basic or Auxiliary,Isolated,"deltoid, lateral",Shoulders,Shoulders
Lever Barbell Split Squat (plate loaded),Auxiliary,Compound,gluteus maximus,Hips,Legs
Dumbbell Lying Pronation (arm up),Auxiliary,Isolated,pronators,Forearms,Arms
Dumbbell Single Leg Split Squat,Auxiliary,Compound,gluteus maximus,Hips,Legs
Twisting Crunch,Auxiliary,Isolated,obliques,Waist,Legs
Cable Front Lateral Raise,Auxiliary,Isolated,supraspinatus,Shoulders,Shoulders
Smith Shrug,Basic,Isolated,"trapezius, upper",Back,Back
Cable One Arm Bent-over Row,Auxiliary,Compound,"back, general",Back,Back
Lever Seated Calf Press (plate loaded),Basic,Isolated,gastrocnemius,Calves,Legs
Dumbbell Reverse Calf Raise,Basic or Auxiliary,Isolated,tibialis anterior,Calves,Legs
Lever Extended Arm Kneeling Lateral Raise,Basic or Auxiliary,Isolated,"deltoid, lateral",Shoulders,Shoulders
Cable Seated Pullover,Auxiliary,Isolated,latissimus dorsi,Back,Back
Suspended Mountain Climber,Auxiliary,Compound,iliopsoas,Waist,Legs
Lever Parallel Grip Incline Bench Press,Basic or Auxiliary,Compound,"pectoralis major, clavicular",Chest,Chest
Vertical Straight Leg Raise,Auxiliary,Isolated,iliopsoas,Waist,Legs
Cable Standing Calf Raise,Basic,Isolated,gastrocnemius,Calves,Legs
Sissy Squat (on apparatus),Auxiliary,Isolated,quadriceps,Thighs,Legs
Barbell Standing Preacher Curl,Auxiliary,Isolated,brachialis,Upper Arms,Arms
Incline Sit-up,Basic,Compound,rectus abdominis,Waist,Legs
Weighted Russian Twist (on stability ball),Auxiliary,Isolated,obliques,Waist,Legs
Lever Alternating Chest Press,Basic or Auxiliary,Compound,"pectoralis major, sternal",Chest,Chest
Barbell 45° Hyperextension,Basic or Auxiliary,Compound,hamstrings,Thighs,Legs
Weighted Neutral Grip Pull-up,Basic,Compound,latissimus dorsi,Back,Back
Smith Bench Press,Basic,Compound,"pectoralis major, sternal",Chest,Chest
Barbell Close Grip Bent-over Row,Basic or Auxiliary,Compound,"back, general",Back,Back
Lever Neck Extension (plate loaded),Basic or Auxiliary,Isolated,splenius,Neck,Shoulders
Cable Supine Curl,Auxiliary,Isolated,biceps brachii,Upper Arms,Arms
Lever Alternating Wide Grip Seated Row (plate loaded),Basic or Auxiliary,Compound,"back, general",Back,Back
Lever Bent Knee Calf Extension,Auxiliary,Isolated,soleus,Calves,Legs
Dumbbell Fly,Auxiliary,Isolated,"pectoralis major, sternal",Chest,Chest
Weighted Triceps Dip,Basic,Compound,triceps brachii,Upper Arms,Arms
Weighted Incline Leg-Hip Raise,Basic,Compound,rectus abdominis,Waist,Legs
Cable Neck Flexion,Basic or Auxiliary,Isolated,sternocleidomastoid,Neck,Shoulders
Elevated Pike Press (between benches),Basic,Compound,"deltoid, anterior",Shoulders,Shoulders
Lever Shoulder External Rotation (plate loaded),Auxiliary,Isolated,teres minor,Shoulders,Shoulders
Incline Twisting Sit-up,Basic,Compound,obliques,Waist,Legs
Lever Seated Row (no chest pad),Basic,Compound,"back, general",Back,Back
Crunch (arms down),Auxiliary,Isolated,rectus abdominis,Waist,Legs
"Lever Triceps Extension (no seat, plate loaded)",Basic or Auxiliary,Isolated,triceps brachii,Upper Arms,Arms
Dumbbell One Arm Upright Row,Basic,Compound,"deltoid, lateral",Shoulders,Shoulders
Lever Seated Rear Delt Row,Basic or Auxiliary,Compound,"deltoid, posterior",Shoulders,Shoulders
Dumbbell One Arm Seated Lateral Raise,Auxiliary,Isolated,"deltoid, lateral",Shoulders,Shoulders
Self-assisted Pull-up,Basic,Compound,latissimus dorsi,Back,Back
Lever Seated Tibia Raise (plate loaded),Auxiliary,Isolated,tibialis anterior,Calves,Legs
Dumbbell Alternating Full Can Seated Front Raise,Auxiliary,Isolated,"deltoid, anterior",Shoulders,Shoulders
Barbell Reverse Wrist Curl,Basic or Auxiliary,Isolated,wrist extensors,Forearms,Arms
Sled Gripless Shrug,Auxiliary,Isolated,"trapezius, upper",Back,Back
Weighted Glute-Ham Raise,Basic or Auxiliary,Isolated,hamstrings,Thighs,Legs
Cable Lying Fly,Auxiliary,Isolated,"pectoralis major, sternal",Chest,Chest
Weighted Vertical Leg Raise (on parallel bars),Auxiliary,Isolated,iliopsoas,Waist,Legs
Side Crunch,Auxiliary,Isolated,obliques,Waist,Legs
Single Leg Forward Angled Calf Raise,Basic or Auxiliary,Isolated,gastrocnemius,Calves,Legs
Cable Bar Pushdown (forward leaning),Basic or Auxiliary,Isolated,triceps brachii,Upper Arms,Arms
Cable Straight-back Straight-leg Deadlift,Basic or Auxiliary,Isolated,hamstrings,Thighs,Legs
Weighted Single Leg Hip Thrust (leg extended),Auxiliary,Isolated,gluteus maximus,Hips,Legs
Lever Pullover (plate loaded),Auxiliary,Isolated,latissimus dorsi,Back,Back
Lever Single Leg Split V-Squat,Auxiliary,Compound,gluteus maximus,Hips,Legs
Band Resistive Neck Retraction,Auxiliary,Isolated,splenius,Neck,Shoulders
Weighted Reverse Hyper-extension,Auxiliary,Isolated,gluteus maximus,Hips,Legs
Cable Pushdown (with V-bar),Auxiliary,Isolated,triceps brachii,Upper Arms,Arms
Cable Standing Preacher Curl,Auxiliary,Isolated,brachialis,Upper Arms,Arms
Suspended Single Leg Split Squat (self-assisted),Basic or Auxiliary,Compound,quadriceps,Thighs,Legs
Lever Seated Calf Raise,Auxiliary,Isolated,soleus,Calves,Legs
Band-assisted Open Centered Pull-up,Basic,Compound,latissimus dorsi,Back,Back
Cable Chest Press,Basic or Auxiliary,Compound,"pectoralis major, sternal",Chest,Chest
Sled Lying Reverse Calf Press,Basic or Auxiliary,Isolated,tibialis anterior,Calves,Legs
Cable Twisting Chest Press,Auxiliary,Compound,"pectoralis major, sternal",Chest,Chest
Lever Front Squat,Basic,Compound,gluteus maximus,Hips,Legs
Suspended Triceps Extension (with rope),Basic or Auxiliary,Isolated,triceps brachii,Upper Arms,Arms
Vertical Twisting Leg Raise,Auxiliary,Isolated,obliques,Waist,Legs
Dumbbell Seated Front Raise,Auxiliary,Isolated,"deltoid, anterior",Shoulders,Shoulders
Cable Incline Chest Press,Basic or Auxiliary,Compound,"pectoralis major, clavicular",Chest,Chest
Cable Standing Reverse Preacher Curl,Auxiliary,Isolated,brachioradialis,Forearms,Arms
Lever Seated Crunch (chest pad),Auxiliary,Isolated,rectus abdominis,Waist,Legs
Cable Twisting Standing High Row,Auxiliary,Compound,"back, general",Back,Back
Wall Front Neck Bridge,Basic or Auxiliary,Isolated,sternocleidomastoid,Neck,Shoulders
Lever Alternating Preacher Curl (arms high),Auxiliary,Isolated,brachialis,Upper Arms,Arms
Machine-assisted Chin-up,Basic,Compound,latissimus dorsi,Back,Back
Lever Single Leg 45° Leg Press,Auxiliary,Compound,quadriceps,Thighs,Legs
Suspended Triceps Dip,Basic,Compound,triceps brachii,Upper Arms,Arms
Trap Bar Shrug,Basic,Isolated,"trapezius, upper",Back,Back
Dumbbell Side Lying Rear Delt Raise,Auxiliary,Compound,"deltoid, posterior",Shoulders,Shoulders
Barbell Reclined Shoulder Press,Basic,Compound,"deltoid, anterior",Shoulders,Shoulders
Incline Straight Leg Raise (arms on pads),Auxiliary,Isolated,iliopsoas,Waist,Legs
Lever Alternating Underhand Seated Row,Basic or Auxiliary,Compound,"back, general",Back,Back
Barbell Step-up,Basic or Auxiliary,Compound,quadriceps,Thighs,Legs
Sit-up,Basic,Compound,rectus abdominis,Waist,Legs
Cable Pullover,Auxiliary,Isolated,latissimus dorsi,Back,Back
Cable Shrug,Basic or Auxiliary,Isolated,"trapezius, upper",Back,Back
Smith Incline Bench Press,Basic or Auxiliary,Compound,"pectoralis major, clavicular",Chest,Chest
Cable Overhead Seated Crunch,Auxiliary,Isolated,rectus abdominis,Waist,Legs
Cable Standing Incline Chest Press,Auxiliary,Compound,"pectoralis major, clavicular",Chest,Chest
Cable Rear Delt Row,Basic or Auxiliary,Compound,"deltoid, posterior",Shoulders,Shoulders
Suspended Arm Curl,Auxiliary,Isolated,brachialis,Upper Arms,Arms
Incline Push-up (on bar),Basic or Auxiliary,Compound,"pectoralis major, sternal",Chest,Chest
Lever Roller Wrist Flexion,Auxiliary,Isolated,wrist flexors,Forearms,Arms
Dumbbell One Arm Triceps Extension,Basic or Auxiliary,Isolated,triceps brachii,Upper Arms,Arms
Suspended Biceps Curl,Basic or Auxiliary,Compound,biceps brachii,Upper Arms,Arms
Lever Alternating Bent-knee Seated Calf Extension,Auxiliary,Isolated,soleus,Calves,Legs
Lever Kneeling Glute Kickback,Auxiliary,Compound,gluteus maximus,Hips,Legs
Barbell Back Extension (on hyperextension apparatus),Auxiliary,Isolated,erector spinae,Back,Back
Lever Alternating Underhand Pulldown,Basic,Compound,latissimus dorsi,Back,Back
Lever Alternating Lying Leg Press,Basic or Auxiliary,Compound,quadriceps,Thighs,Legs
Lever Reverse Curl,Basic or Auxiliary,Isolated,biceps brachii,Upper Arms,Arms
Lever Alternating Leg Extension (unilateral machine),Auxiliary,Isolated,quadriceps,Thighs,Legs
Sled 45° Reverse Calf Raise (plate loaded),Basic or Auxiliary,Isolated,tibialis anterior,Calves,Legs
Vertical Leg Raise (on parallel bars),Auxiliary,Isolated,iliopsoas,Waist,Legs
Smith Close Grip Bench Press,Basic,Compound,triceps brachii,Upper Arms,Arms
Dumbbell Shrug,Basic,Isolated,"trapezius, upper",Back,Back
Lever Kneeling Twist,Auxiliary,Isolated,obliques,Waist,Legs
Sled Rear Lunge,Auxiliary,Compound,quadriceps,Thighs,Legs
Lever Underhand Seated Row (plate loaded),Basic,Compound,"back, general",Back,Back
Cable Bar Shrug,Basic,Isolated,"trapezius, upper",Back,Back
Dumbbell Wrist Curl,Basic or Auxiliary,Isolated,wrist flexors,Forearms,Arms
Barbell Incline Triceps Extension,Basic,Isolated,triceps brachii,Upper Arms,Arms
Self-assisted Single Leg Squat (bar),Basic or Auxiliary,Compound,gluteus maximus,Hips,Legs
Cable Standing Low Row,Basic or Auxiliary,Compound,"back, general",Back,Back
Cable Twisting Standing Overhead Pull,Auxiliary,Compound,latissimus dorsi,Back,Back
Lever Overhead Triceps Extension,Basic or Auxiliary,Isolated,triceps brachii,Upper Arms,Arms
Cable Wide Grip Straight Back Seated Row,Basic or Auxiliary,Compound,"back, general",Back,Back
Lever Reverse Preacher Curl,Auxiliary,Isolated,brachioradialis,Forearms,Arms
Weighted Lateral Neck Flexion,Auxiliary,Isolated,sternocleidomastoid,Neck,Shoulders
Lever Seated Row,Basic,Compound,"back, general",Back,Back
Sled Donkey Calf Raise,Basic,Isolated,gastrocnemius,Calves,Legs
Weighted Back Extension (on hyperextension apparatus),Auxiliary,Isolated,erector spinae,Back,Back
Lever Rear Lateral Raise (on lateral raise machine),Auxiliary,Isolated,"deltoid, posterior",Shoulders,Shoulders
Barbell Straight-back Straight-leg Deadlift,Basic or Auxiliary,Isolated,hamstrings,Thighs,Legs
Hanging Straight Leg-Hip Raise,Basic,Compound,rectus abdominis,Waist,Legs
Lever Lying Twist,Auxiliary,Isolated,obliques,Waist,Legs
Cable Bent-over Hip Extension,Auxiliary,Isolated,gluteus maximus,Hips,Legs
Cable Bar Reverse Curl,Auxiliary,Isolated,brachioradialis,Forearms,Arms
Lever Barbell Close Grip Bench Press (plate loaded),Basic,Compound,triceps brachii,Upper Arms,Arms
Vertical Leg-Hip Raise,Basic,Compound,rectus abdominis,Waist,Legs
Cable Prone Incline Curl,Auxiliary,Isolated,brachialis,Upper Arms,Arms
Dumbbell Decline Fly,Auxiliary,Isolated,"pectoralis major, sternal",Chest,Chest
Lever Seated Calf Extension,Auxiliary,Isolated,soleus,Calves,Legs
Weighted Crunch (plate on chest),Auxiliary,Isolated,rectus abdominis,Waist,Legs
Sled Side Leg Hip Raise (ab coaster),Auxiliary,Isolated,obliques,Waist,Legs
Cable Forward Triceps Extension,Auxiliary,Isolated,triceps brachii,Upper Arms,Arms
Cable Seated Front Raise,Auxiliary,Isolated,"deltoid, anterior",Shoulders,Shoulders
Front Neck Bridge,Basic or Auxiliary,Isolated,sternocleidomastoid,Neck,Shoulders
Cable Lateral Raise,Basic or Auxiliary,Isolated,"deltoid, lateral",Shoulders,Shoulders
Dumbbell Lying Pronation (arm down),Auxiliary,Isolated,pronators,Forearms,Arms
Push-up,Basic or Auxiliary,Compound,"pectoralis major, sternal",Chest,Chest
Weighted Parallel Close Grip Pull-up,Basic,Compound,latissimus dorsi,Back,Back
Rear Pull-up,Basic,Compound,latissimus dorsi,Back,Back
Lever Pushdown,Basic or Auxiliary,Isolated,triceps brachii,Upper Arms,Arms
Cable Rear Lunge,Auxiliary,Compound,quadriceps,Thighs,Legs
Bent Knee Side Bridge,Auxiliary,Isolated,obliques,Waist,Legs
Lever Donkey Calf Raise,Basic,Isolated,gastrocnemius,Calves,Legs
Cable Rear Lateral Raise,Auxiliary,Isolated,"deltoid, posterior",Shoulders,Shoulders
Dumbbell Seated Upright Row,Basic,Compound,"deltoid, lateral",Shoulders,Shoulders
Pull-up (open-centered bar),Basic,Compound,latissimus dorsi,Back,Back
Dumbbell Straight Leg Deadlift,Basic,Compound,erector spinae,Back,Back
Cable Upright Shoulder External Rotation,Auxiliary,Isolated,teres minor,Shoulders,Shoulders
Band-assisted Neutral Grip Pull-up,Basic,Compound,latissimus dorsi,Back,Back
Lever Seated Shrug (plate loaded),Basic or Auxiliary,Isolated,"trapezius, upper",Back,Back
Dumbbell Lying Rear Lateral Raise,Auxiliary,Isolated,"deltoid, posterior",Shoulders,Shoulders
Weighted Twisting Sit-up (arms crossed),Basic,Compound,obliques,Waist,Legs
Lever Roller Wrist Extension,Auxiliary,Isolated,wrist extensors,Forearms,Arms
Lever Push Crunch,Auxiliary,Isolated,rectus abdominis,Waist,Legs
Dumbbell 45° Side Bend,Auxiliary,Isolated,obliques,Waist,Legs
Barbell Squat (with chains),Basic or Auxiliary,Compound,gluteus maximus,Hips,Legs
Lever Standing Hip Adduction,Auxiliary,Isolated,"adductors, hip",Hips,Legs
Sled Standing Triceps Dip,Basic,Compound,triceps brachii,Upper Arms,Arms
Weighted Incline Twisting Sit-up,Basic,Compound,obliques,Waist,Legs
"Barbell Lying Triceps Extension ""Skull Crusher""",Basic,Isolated,triceps brachii,Upper Arms,Arms
Safety Bar Reverse Calf Raise,Basic or Auxiliary,Isolated,tibialis anterior,Calves,Legs
Dumbbell Reclined Shoulder Press,Basic,Compound,"deltoid, anterior",Shoulders,Shoulders
Incline Sit-up (arms crossed),Basic,Compound,rectus abdominis,Waist,Legs
Barbell Seated Good-morning,Auxiliary,Isolated,gluteus maximus,Hips,Legs
Side Bridge,Auxiliary,Isolated,obliques,Waist,Legs
Lever Chest Dip (plate loaded),Basic,Compound,"pectoralis major, sternal",Chest,Chest
Cable Belt Half Squat,Basic or Auxiliary,Compound,quadriceps,Thighs,Legs
Cable Straight-back Stiff-leg Deadlift,Auxiliary,Isolated,gluteus maximus,Hips,Legs
Inverted Row (feet elevated),Basic or Auxiliary,Compound,"back, general",Back,Back
Suspended Pull Through,Auxiliary,Compound,rectus abdominis,Waist,Legs
Lever Alternating Lying Leg Curl,Basic or Auxiliary,Isolated,hamstrings,Thighs,Legs
Lever Wide Grip Seated Row,Basic,Compound,"back, general",Back,Back
Cable Incline Triceps Extension,Basic,Isolated,triceps brachii,Upper Arms,Arms
Sled Seated Calf Press (on lying leg press),Basic,Isolated,gastrocnemius,Calves,Legs
Dumbbell Standing Preacher Curl (on incline bench),Auxiliary,Isolated,brachialis,Upper Arms,Arms
Single Leg Stiff-leg Deadlift,Auxiliary,Isolated,gluteus maximus (supporting leg),Hips,Legs
Cable Side Bend,Auxiliary,Isolated,obliques,Waist,Legs
Barbell Glute-Ham Raise,Basic or Auxiliary,Isolated,hamstrings,Thighs,Legs
Sled Lying Leg Press,Basic,Compound,gluteus maximus,Hips,Legs
Barbell Bent Arm Pullover,Auxiliary,Isolated,latissimus dorsi,Back,Back
Lying Leg Raise (on bench),Auxiliary,Isolated,iliopsoas,Waist,Legs
Barbell Single Leg Split Squat,Auxiliary,Compound,quadriceps,Thighs,Legs
Suspended Bent-knee Inverted Row,Basic or Auxiliary,Compound,"back, general",Back,Back
Plank Twist (on stability ball),Auxiliary,Isolated,obliques,Waist,Legs
Crunch (arms crossed),Auxiliary,Isolated,rectus abdominis,Waist,Legs
Safety Barbell Squat (long handles),Basic,Compound,gluteus maximus,Hips,Legs
"Lever Lying Leg Curl (on reverse hyper-extension machine, plate loaded)",Basic,Isolated,hamstrings,Thighs,Legs
Cable Standing Rear Delt Row (with rope),Basic or Auxiliary,Compound,"deltoid, posterior",Shoulders,Shoulders
Weighted Hanging Leg-Hip Raise,Basic,Compound,rectus abdominis,Waist,Legs
Cable Reverse Calf Raise,Basic or Auxiliary,Isolated,tibialis anterior,Calves,Legs
Weighted Donkey Calf Raise,Basic,Isolated,gastrocnemius,Calves,Legs
Suspended Jack-knife,Basic or Auxiliary,Compound,rectus abdominis,Waist,Legs
Hanging Windshield Wiper,Auxiliary,Isolated,obliques,Waist,Legs
Lying Scissor Kick,Auxiliary,Isolated,iliopsoas,Waist,Legs
Suspended Single Leg Straight Hip Leg Curl (on bench),Basic or Auxiliary,Isolated,hamstrings,Thighs,Legs
Barbell 45° Back Extension (on hyperextension apparatus),Auxiliary,Isolated,erector spinae,Back,Back
Weighted Hanging Straight Leg Raise,Auxiliary,Isolated,iliopsoas,Waist,Legs
Lever Wide Grip Seated Row (plate loaded),Basic,Compound,"back, general",Back,Back
Cable One Arm Standing Preacher Curl,Auxiliary,Isolated,brachialis,Upper Arms,Arms
Rear Delt Inverted Row,Basic or Auxiliary,Compound,"deltoid, posterior",Shoulders,Shoulders
Cable Seated Front Lateral Raise,Auxiliary,Isolated,supraspinatus,Shoulders,Shoulders
Jack-knife Sit-up (on bench),Basic,Compound,rectus abdominis,Waist,Legs
Cable Bent-over Leg Curl,Basic or Auxiliary,Compound,hamstrings,Thighs,Legs
Lever Barbell Side Bend (plate loaded),Auxiliary,Isolated,obliques,Waist,Legs
Dumbbell One Arm Triceps Extension (on bench),Basic or Auxiliary,Isolated,triceps brachii,Upper Arms,Arms
Self-assisted Single Leg Calf Raise (with opposite leg),Basic or Auxiliary,Isolated,gastrocnemius,Calves,Legs
Cable One Arm Seated High Row,Basic or Auxiliary,Compound,"back, general",Back,Back
Sled Hack Reverse Calf Raise,Basic or Auxiliary,Isolated,tibialis anterior,Calves,Legs
Sled 45° Calf Press,Basic,Isolated,gastrocnemius,Calves,Legs
Band-assisted Rear Pull-up,Basic,Compound,latissimus dorsi,Back,Back
Barbell Decline Bench Press,Basic or Auxiliary,Compound,"pectoralis major, sternal",Chest,Chest
Cable One Arm Front Raise,Auxiliary,Isolated,"deltoid, anterior",Shoulders,Shoulders
Cable Incline Fly,Auxiliary,Isolated,"pectoralis major, clavicular",Chest,Chest
Cable Close Grip Pulldown,Basic,Compound,latissimus dorsi,Back,Back
Dumbbell Triceps Extension,Basic or Auxiliary,Isolated,triceps brachii,Upper Arms,Arms
"Machine-assisted Pull-up (open-centered bar, standing)",Basic,Compound,latissimus dorsi,Back,Back
Cable Chin-up,Basic,Compound,latissimus dorsi,Back,Back
Weighted Seated Leg Raise,Auxiliary,Isolated,iliopsoas,Waist,Legs
Lever Behind Neck Press (plate loaded),Basic,Compound,"deltoid, anterior",Shoulders,Shoulders
Smith Good-morning,Basic or Auxiliary,Isolated,hamstrings,Thighs,Legs
Weighted Decline Sit-up,Basic or Auxiliary,Isolated,iliopsoas,Waist,Legs
Lever Alternating Single Leg Split V-Squat,Auxiliary,Compound,gluteus maximus,Hips,Legs
Cable Single Leg Calf Raise,Basic or Auxiliary,Isolated,gastrocnemius,Calves,Legs
Hanging Hamstring Bridge,Basic or Auxiliary,Isolated,hamstrings,Thighs,Legs
Suspended Inverted Row,Basic or Auxiliary,Compound,"back, general",Back,Back
Dumbbell Raise,Basic,Compound,"deltoid, lateral",Shoulders,Shoulders
Lever Seated Crunch (arm pad),Auxiliary,Isolated,rectus abdominis,Waist,Legs
Cable Pushdown (forward leaning),Basic or Auxiliary,Isolated,triceps brachii,Upper Arms,Arms
Smith Split Squat,Auxiliary,Compound,quadriceps,Thighs,Legs
Hyperextension (hands on head),Basic or Auxiliary,Compound,erector spinae,Back,Back
Dumbbell Incline Lateral Raise,Auxiliary,Isolated,"deltoid, lateral",Shoulders,Shoulders
Lever 45° Calf Raise,Basic,Isolated,gastrocnemius,Calves,Legs
Band-assisted Chin-up,Basic,Compound,latissimus dorsi,Back,Back
Vertical Leg-Hip Raise (Bosu support),Basic,Compound,rectus abdominis,Waist,Legs
Lever Incline Bench Press,Basic or Auxiliary,Compound,"pectoralis major, clavicular",Chest,Chest
Lever One Arm Standing Row (plate loaded),Basic or Auxiliary,Compound,"back, general",Back,Back
Lever Lying Rear Lateral Raise,Auxiliary,Isolated,"deltoid, posterior",Shoulders,Shoulders
Dumbbell Shoulder Internal Rotation (on floor),Auxiliary,Isolated,subscapularis,Shoulders,Shoulders
Cable Preacher Curl (stirrups),Auxiliary,Isolated,brachialis,Upper Arms,Arms
Hanging Twisting Leg Raise,Auxiliary,Isolated,obliques,Waist,Legs
Dumbbell Prone Incline Curl,Auxiliary,Isolated,brachialis,Upper Arms,Arms
Lever Straight Back Seated Row (no chest pad),Basic,Compound,"back, general",Back,Back
Lever Kneeling Leg Curl (plate loaded),Basic,Isolated,hamstrings,Thighs,Legs
Lever Seated Reverse Fly (overhand grip),Auxiliary,Isolated,"deltoid, posterior",Shoulders,Shoulders
Lever Close Grip Bench Press (plate loaded),Basic,Compound,triceps brachii,Upper Arms,Arms
Lever Donkey Reverse Calf Raise,Basic or Auxiliary,Isolated,tibialis anterior,Calves,Legs
Sled Leg Hip Raise (ab coaster),Auxiliary,Isolated,rectus abdominis,Waist,Legs
Lever Calf Extension (plate loaded),Basic,Isolated,gastrocnemius,Calves,Legs
Crunch,Auxiliary,Isolated,rectus abdominis,Waist,Legs
Lever Vertical Leg Raise,Auxiliary,Isolated,iliopsoas,Waist,Legs
Weighted Sissy Squat,Auxiliary,Isolated,quadriceps,Thighs,Legs
45° Hyperextension (arms crossed),Basic or Auxiliary,Compound,erector spinae,Back,Back
Lever Close Grip T-bar Row (plate loaded),Basic,Compound,"back, general",Back,Back
Lever Front Pulldown (plate loaded),Basic,Compound,latissimus dorsi,Back,Back
Cable Wide Grip Seated Row,Basic or Auxiliary,Compound,"back, general",Back,Back
Cable Upright Row,Basic,Compound,"deltoid, lateral",Shoulders,Shoulders
Lever Decline Chest Press (plate loaded),Basic or Auxiliary,Compound,"pectoralis major, sternal",Chest,Chest
Cable Lying Leg Curl,Basic,Isolated,hamstrings,Thighs,Legs
Lever Single Leg Seated Leg Curl,Basic or Auxiliary,Isolated,hamstrings,Thighs,Legs
Barbell 45° Back Raise (on hyperextension apparatus),Auxiliary,Isolated,hamstrings,Thighs,Legs
Cable Lying Straight Leg Raise,Auxiliary,Isolated,iliopsoas,Waist,Legs
Seated Leg Raise,Auxiliary,Isolated,iliopsoas,Waist,Legs
Cable Concentration Curl,Auxiliary,Isolated,brachialis,Upper Arms,Arms
Trap Bar Straight-back Stiff-leg Deadlift,Auxiliary,Isolated,gluteus maximus,Hips,Legs
Dumbbell Seated Curl,Basic or Auxiliary,Isolated,biceps brachii,Upper Arms,Arms
Cable One Arm Standing Cross Row,Auxiliary,Compound,"deltoid, posterior",Shoulders,Shoulders
Lever Lying Leg Press (plate loaded),Basic,Compound,quadriceps,Thighs,Legs
Hanging Hamstring Bridge Curl,Basic or Auxiliary,Compound,hamstrings,Thighs,Legs
Dumbell Single Leg Stiff-leg Deadlift,Auxiliary,Isolated,gluteus maximus (supporting leg),Hips,Legs
Cable Standing Overhead Crunch (multi-exercise bar),Auxiliary,Isolated,rectus abdominis,Waist,Legs
Suspended Triceps Extension,Basic or Auxiliary,Isolated,triceps brachii,Upper Arms,Arms
Lever Seated Iron Cross Fly,Auxiliary,Isolated,"pectoralis major, sternal",Chest,Chest
Lever Parallel Grip Incline Bench Press (plate loaded),Basic or Auxiliary,Compound,"pectoralis major, clavicular",Chest,Chest
Cable Twisting Seated High Row,Basic or Auxiliary,Compound,"back, general",Back,Back
Cable Russian Twist (on stability ball),Auxiliary,Isolated,obliques,Waist,Legs
Safety Bar Seated Calf Raise,Auxiliary,Isolated,soleus,Calves,Legs
Single Leg Hanging Hamstring Bridge,Basic or Auxiliary,Compound,erector spinae,Back,Back
Lever Wrist Curl (plate loaded),Basic or Auxiliary,Isolated,wrist flexors,Forearms,Arms
Barbell Shoulder Press,Basic,Compound,"deltoid, anterior",Shoulders,Shoulders
Weighted V-up,Basic,Compound,rectus abdominis,Waist,Legs
Lever Seated Reverse Calf Press,Basic or Auxiliary,Isolated,tibialis anterior,Calves,Legs
Bird Dog (on stability ball),Auxiliary,Isolated,erector spinae,Back,Back
Lever Bent-over Glute Kickback (plate loaded),Auxiliary,Compound,gluteus maximus,Hips,Legs
Lever Underhand Pulldown (plate loaded),Basic,Compound,latissimus dorsi,Back,Back
Weighted Twisting Crunch,Auxiliary,Isolated,obliques,Waist,Legs
Lever Single Leg Lying Leg Press (custom - plate loaded),Auxiliary,Compound,quadriceps,Thighs,Legs
Cable One Arm Pushdown,Auxiliary,Isolated,triceps brachii,Upper Arms,Arms
Barbell Push Sit-up,Basic,Compound,rectus abdominis,Waist,Legs
Cable Wide Grip Upright Row,Basic,Compound,"deltoid, lateral",Shoulders,Shoulders
Pull-up,Basic,Compound,latissimus dorsi,Back,Back
Barbell Straight-back Stiff-leg Deadlift,Auxiliary,Isolated,gluteus maximus,Hips,Legs
Lever Narrow Grip Shrug (plate loaded),Basic,Isolated,"trapezius, upper",Back,Back
Cable Standing Leg Extension,Auxiliary,Isolated,quadriceps,Thighs,Legs
Cable Decline Chest Press,Basic or Auxiliary,Compound,"pectoralis major, sternal",Chest,Chest
Cable Bar Standing Incline Chest Press,Auxiliary,Compound,"pectoralis major, clavicular",Chest,Chest
Lever Gripless Shrug (plate loaded),Auxiliary,Isolated,"trapezius, upper",Back,Back
Dumbbell Lying Triceps Extension,Basic or Auxiliary,Isolated,triceps brachii,Upper Arms,Arms
Lever Front Squat (plate loaded),Basic,Compound,quadriceps,Thighs,Legs
Twisting Crunch (on stability ball),Auxiliary,Isolated,obliques,Waist,Legs
Dumbbell Preacher Curl,Auxiliary,Isolated,brachialis,Upper Arms,Arms
Barbell Upright Row,Basic,Compound,"deltoid, lateral",Shoulders,Shoulders
Barbell Straight Leg Deadlift,Basic,Compound,hamstrings,Thighs,Legs
Cable Neck Rotation (with belt),Auxiliary,Isolated,sternocleidomastoid,Neck,Shoulders
Lever Shoulder Internal Rotation (plate loaded),Auxiliary,Isolated,subscapularis,Shoulders,Shoulders
Weighted Incline Sit-up (arms crossed),Basic,Compound,rectus abdominis,Waist,Legs
"Side Bend (on stability ball, hand behind head)",Auxiliary,Isolated,obliques,Waist,Legs
Lever Shoulder Press,Basic,Compound,"deltoid, anterior",Shoulders,Shoulders
Cable Single Leg Reverse Calf Raise,Auxiliary,Isolated,tibialis anterior,Calves,Legs
Barbell Close Grip Bench Press,Basic,Compound,triceps brachii,Upper Arms,Arms
Lever Barbell Upright Row (plate loaded),Basic,Compound,"deltoid, lateral",Shoulders,Shoulders
Barbell Squat,Basic,Compound,quadriceps,Thighs,Legs
Lever Straight-back Stiff-leg Deadlift (plate loaded),Auxiliary,Isolated,gluteus maximus,Hips,Legs
Lever Pull Back Extension,Auxiliary,Isolated,erector spinae,Back,Back
Suspended Front Raise,Auxiliary,Isolated,"deltoid, anterior",Shoulders,Shoulders
Barbell Reverse Curl,Auxiliary,Isolated,brachioradialis,Forearms,Arms
Cable Close Grip Pulldown (stirrups),Basic,Compound,latissimus dorsi,Back,Back
Barbell Pullover,Auxiliary,Isolated,latissimus dorsi,Back,Back
Cable Kneeling Triceps Extension,Basic or Auxiliary,Isolated,triceps brachii,Upper Arms,Arms
Dumbbell One Arm Lateral Raise,Auxiliary,Isolated,"deltoid, lateral",Shoulders,Shoulders
"Lever Straight Back Seated Row (no chest pad, plate loaded)",Basic,Compound,"back, general",Back,Back
Close Grip Push-up,Basic,Compound,triceps brachii,Upper Arms,Arms
Lunge,Basic or Auxiliary,Compound,quadriceps,Thighs,Legs
Machine-assisted Triceps Dip,Basic,Compound,triceps brachii,Upper Arms,Arms
Weighted Vertical Leg-Hip Raise,Basic,Compound,rectus abdominis,Waist,Legs
Smith Straight-back Stiff-leg Deadlift,Auxiliary,Isolated,gluteus maximus,Hips,Legs
Cable Incline Pushdown,Auxiliary,Isolated,triceps brachii,Upper Arms,Arms
Cable One Arm Upright Row,Basic or Auxiliary,Compound,"deltoid, lateral",Shoulders,Shoulders
Weighted Sissy Squat (on apparatus),Auxiliary,Isolated,quadriceps,Thighs,Legs
Lever Standing Preacher Curl,Auxiliary,Isolated,brachialis,Upper Arms,Arms
Lying Straight Leg Raise,Auxiliary,Isolated,iliopsoas,Waist,Legs
Lever Standing Leg Curl,Basic or Auxiliary,Isolated,hamstrings,Thighs,Legs
Dumbbell Seated Front Lateral Raise,Auxiliary,Isolated,supraspinatus,Shoulders,Shoulders
Cable Chest Dip,Basic,Compound,"pectoralis major, sternal",Chest,Chest
Cable Kneeling Crunch,Auxiliary,Isolated,rectus abdominis,Waist,Legs
Cable Underhand Pulldown,Basic,Compound,latissimus dorsi,Back,Back
Barbell Full Squat,Basic,Compound,gluteus maximus,Hips,Legs
Sled Lying Calf Press (plate loaded),Basic,Isolated,gastrocnemius,Calves,Legs
Lever Kneeling Back Extension,Auxiliary,Isolated,erector spinae,Back,Back
Vertical Leg-Hip Raise (parallel bars),Basic,Compound,rectus abdominis,Waist,Legs
Smith Straight-back Straight-leg Deadlift,Basic or Auxiliary,Isolated,hamstrings,Thighs,Legs
Dumbbell One Arm Straight Leg Deadlift,Basic or Auxiliary,Compound,erector spinae,Back,Back
Cable Bar Pushdown,Basic or Auxiliary,Isolated,triceps brachii,Upper Arms,Arms
Weighted Twisting Crunch (on stability ball),Auxiliary,Isolated,obliques,Waist,Legs
Hanging Twisting Leg Hip Raise,Basic,Compound,obliques,Waist,Legs
Dumbbell Reclined Triceps Extension,Basic or Auxiliary,Isolated,triceps brachii,Upper Arms,Arms
Dumbbell Seated Shoulder External Rotation,Auxiliary,Isolated,teres minor,Shoulders,Shoulders
Suspended Row,Basic or Auxiliary,Compound,"back, general",Back,Back
Superman,Auxiliary,Isolated,erector spinae,Back,Back
Weighted Crunch,Auxiliary,Isolated,rectus abdominis,Waist,Legs
Decline Rear Bridge,Auxiliary,Isolated,erector spinae,Back,Back
Cable Seated Fly,Auxiliary,Isolated,"pectoralis major, sternal",Chest,Chest
Cable Straight Back Incline Row,Basic or Auxiliary,Compound,"back, general",Back,Back
Cable Step Down,Auxiliary,Compound,quadriceps,Thighs,Legs
Lever One Arm Bent-over Row (plate loaded),Basic or Auxiliary,Compound,"back, general",Back,Back
Single Leg Hip Bridge,Auxiliary,Isolated,gluteus maximus,Hips,Legs
Lever Lying Leg Curl,Basic,Isolated,hamstrings,Thighs,Legs
Lever Pec Deck Fly,Auxiliary,Isolated,"pectoralis major, sternal",Chest,Chest
Lever Standing Preacher Curl (plate loaded),Auxiliary,Isolated,brachialis,Upper Arms,Arms
Barbell Incline Bench Press,Basic or Auxiliary,Compound,"pectoralis major, clavicular",Chest,Chest
Cable Seated Cross Arm Twist,Auxiliary,Isolated,obliques,Waist,Legs
Rear Neck Bridge,Basic or Auxiliary,Isolated,splenius,Neck,Shoulders
Safety Barbell Standing Leg Calf Raise,Basic,Isolated,gastrocnemius,Calves,Legs
Barbell Prone Incline Curl,Auxiliary,Isolated,brachialis,Upper Arms,Arms
Cable Shrug (with stirrups),Basic or Auxiliary,Isolated,"trapezius, upper",Back,Back
Dumbbell Rear Delt Row,Basic or Auxiliary,Compound,"deltoid, posterior",Shoulders,Shoulders
Cable Standing Shoulder Internal Rotation,Auxiliary,Isolated,subscapularis,Shoulders,Shoulders
Handstand Push-up (between benches),Basic,Compound,"deltoid, anterior",Shoulders,Shoulders
Weighted Sit-up (arms crossed),Basic,Compound,rectus abdominis,Waist,Legs
Lever Reclined Parallel Grip Shoulder Press,Basic,Compound,"deltoid, anterior",Shoulders,Shoulders
Lever Reclined Shoulder Press (plate loaded),Basic,Compound,"deltoid, anterior",Shoulders,Shoulders
Push-up (on knees),Basic or Auxiliary,Compound,"pectoralis major, sternal",Chest,Chest
Sit-up (arms crossed),Basic,Compound,rectus abdominis,Waist,Legs
Cable One Arm Rear Lateral Raise,Auxiliary,Isolated,"deltoid, posterior",Shoulders,Shoulders
"45° Hyperextension (on stability ball, hands behind hips)",Basic or Auxiliary,Compound,erector spinae,Back,Back
Sled One Hand Grip (plate loaded),Basic or Auxiliary,Isolated,wrist flexors,Forearms,Arms
Sled Squat,Basic,Compound,gluteus maximus,Hips,Legs
Suspended Jack-knife Pike,Basic or Auxiliary,Compound,rectus abdominis,Waist,Legs
Cable Upright Row (stirrup attachments),Basic,Compound,"deltoid, lateral",Shoulders,Shoulders
Suspended Shoulder External Rotation,Auxiliary,Isolated,infraspinatus,Shoulders,Shoulders
Twisting Sit-up,Basic,Compound,obliques,Waist,Legs
Lever Barbell Incline Bench Press (plate loaded),Basic or Auxiliary,Compound,"pectoralis major, clavicular",Chest,Chest
Lever Alternating Standing Leg Curl,Basic or Auxiliary,Isolated,hamstrings,Thighs,Legs
Lying Simultaneous Alternating Leg Raise,Auxiliary,Isolated,iliopsoas,Waist,Legs
Weighted Chin-up,Basic,Compound,latissimus dorsi,Back,Back
Cable Standing Leg Raise,Auxiliary,Isolated,iliopsoas,Waist,Legs
Lever Reverse Wrist Curl (plate loaded),Basic or Auxiliary,Isolated,wrist extensors,Forearms,Arms
Barbell Deadlift,Basic,Compound,gluteus maximus,Hips,Legs
Lever Deadlift (plate loaded),Basic,Compound,gluteus maximus,Hips,Legs
Standing Calf Raise,Basic,Isolated,gastrocnemius,Calves,Legs
Suspended Reverse Fly,Auxiliary,Compound,"deltoid, posterior",Shoulders,Shoulders
Cable Seated Y Raise (with rope attachment),Auxiliary,Isolated,"deltoid, lateral",Shoulders,Shoulders
Smith Step Down,Auxiliary,Compound,quadriceps,Thighs,Legs
Lever Standing Hip Extension,Auxiliary,Isolated,gluteus maximus,Hips,Legs
Dumbbell Upright Row,Basic,Compound,"deltoid, lateral",Shoulders,Shoulders
Lever Sliding Split Squat (plate loaded),Auxiliary,Compound,gluteus maximus,Hips,Legs
Cable Bar Military Press,Basic,Compound,"deltoid, anterior",Shoulders,Shoulders
Weighted Back Extension (on stability ball),Auxiliary,Isolated,erector spinae,Back,Back
Cable Alternating Close Grip Pulldown,Basic or Auxiliary,Compound,latissimus dorsi,Back,Back
Lever Seated Reverse Fly (parallel grip),Auxiliary,Isolated,"deltoid, posterior",Shoulders,Shoulders
Weighted Seated Neck Extension,Basic or Auxiliary,Isolated,splenius,Neck,Shoulders
Barbell Reclined Triceps Extension,Basic or Auxiliary,Isolated,triceps brachii,Upper Arms,Arms
Dumbbell Upright Shoulder External Rotation (with support),Auxiliary,Isolated,teres minor,Shoulders,Shoulders
Self-assisted Inverse Leg Curl (on floor),Basic,Isolated,hamstrings,Thighs,Legs
Suspended Y Lateral Raise,Auxiliary,Isolated,"deltoid, lateral",Shoulders,Shoulders
Weighted Vertical Leg-Hip Raise (Bosu support),Basic,Compound,rectus abdominis,Waist,Legs
Lever Seated Reverse Fly (on pec deck),Auxiliary,Isolated,"deltoid, posterior",Shoulders,Shoulders
Barbell Lying Rear Delt Row,Basic or Auxiliary,Compound,"deltoid, posterior",Shoulders,Shoulders
Cable Kneeling Row,Basic or Auxiliary,Compound,"back, general",Back,Back
Suspended Forward Angled Single Leg Calf Raise,Basic or Auxiliary,Isolated,gastrocnemius,Calves,Legs
Suspended Single Leg Curl (leg flexed),Basic or Auxiliary,Isolated,hamstrings,Thighs,Legs
Cable One Arm Seated Row,Basic or Auxiliary,Compound,"back, general",Back,Back
Smith Standing Leg Calf Raise,Basic,Isolated,gastrocnemius,Calves,Legs
Lever Seated Side Crunch,Auxiliary,Isolated,obliques,Waist,Legs
Dumbbell Lying Row,Basic,Compound,"back, general",Back,Back
Lever Side Lying Leg Hip Raise,Basic or Auxiliary,Isolated,rectus abdominis,Waist,Legs
Weighted Neck Flexion,Basic or Auxiliary,Isolated,sternocleidomastoid,Neck,Shoulders
Cable Seated High Row,Basic,Compound,"back, general",Back,Back
Cable Standing Shoulder External Rotation,Auxiliary,Isolated,infraspinatus,Shoulders,Shoulders
Suspended Self-assisted Chest Dip,Basic,Compound,"pectoralis major, sternal",Chest,Chest
Lever Barbell Behind Neck Press (plate loaded),Basic,Compound,"deltoid, anterior",Shoulders,Shoulders
Cable Rear Pull-up,Basic,Compound,latissimus dorsi,Back,Back
Bent Knee Side Plank,Auxiliary,Isolated,obliques,Waist,Legs
Incline Leg Raise,Auxiliary,Isolated,iliopsoas,Waist,Legs
Lever Standing Calf Raise (plate loaded),Basic,Isolated,gastrocnemius,Calves,Legs
Lever Hip Thrust,Auxiliary,Isolated,gluteus maximus,Hips,Legs
Inverted Sit-up,Basic,Compound,rectus abdominis,Waist,Legs
Close Grip Decline Pushup,Basic or Auxiliary,Compound,triceps brachii,Upper Arms,Arms
Cable Standing Twisting Crunch (single side),Auxiliary,Isolated,obliques,Waist,Legs
Bird Dog,Auxiliary,Isolated,erector spinae,Back,Back
Sled 45° Alternating Calf Press,Basic or Auxiliary,Isolated,gastrocnemius,Calves,Legs
Lever Close Grip Pulldown (plate-loaded),Basic,Compound,latissimus dorsi,Back,Back
Weighted Incline Leg Raise,Auxiliary,Isolated,iliopsoas,Waist,Legs
Suspended Side Bridge,Auxiliary,Isolated,obliques,Waist,Legs
Cable One Arm Chest Press,Auxiliary,Compound,"pectoralis major, sternal",Chest,Chest
Lever Rear Pulldown (plate loaded),Basic,Compound,latissimus dorsi,Back,Back
Lever Wide Grip Bent-over Row (plate loaded),Basic,Compound,"general, back",Back,Back
Lever Military Press (plate loaded),Basic,Compound,"deltoid, anterior",Shoulders,Shoulders
Cable Triceps Dip,Basic,Compound,triceps brachii,Upper Arms,Arms
Cable Alternating Front Raise,Auxiliary,Isolated,"deltoid, anterior",Shoulders,Shoulders
Dumbbell Side Bend,Auxiliary,Isolated,obliques,Waist,Legs
Lever Extended Arm Lateral Raise,Basic or Auxiliary,Isolated,"deltoid, lateral",Shoulders,Shoulders
"45° Hyperextension (across bench, arms up)",Basic or Auxiliary,Compound,erector spinae,Back,Back
Weighted Roman Chair Sit-up,Basic or Auxiliary,Isolated,iliopsoas,Waist,Legs
Dumbbell Seated Lateral Raise,Auxiliary,Isolated,"deltoid, lateral",Shoulders,Shoulders
Suspended Hanging Straight Hip Leg Curl,Basic or Auxiliary,Isolated,hamstrings,Thighs,Legs
Cable Pushdown (with back support),Basic or Auxiliary,Isolated,triceps brachii,Upper Arms,Arms
Band-assisted Inverse Leg Curl,Basic,Isolated,hamstrings,Thighs,Legs
Wheel Rollout,Auxiliary,Isolated,iliopsoas,Waist,Legs
Lever Alternating Curl,Basic or Auxiliary,Isolated,biceps brachii,Upper Arms,Arms
Lever Seated Gripless Shrug,Auxiliary,Isolated,"trapezius, upper",Back,Back
Dumbbell Lying Shoulder External Rotation,Auxiliary,Isolated,infraspinatus,Shoulders,Shoulders
Sled Alternating 45° Leg Press,Basic or Auxiliary,Compound,gluteus maximus,Hips,Legs
Sled Standing Chest Dip,Basic,Compound,"pectoralis major, sternal",Chest,Chest
Lever Shoulder Press (parallel grip),Basic,Compound,"deltoid, anterior",Shoulders,Shoulders
Dumbbell Prone Incline External Rotation,Auxiliary,Isolated,infraspinatus,Shoulders,Shoulders
Dumbbell Russian Twist (on stability ball),Auxiliary,Isolated,obliques,Waist,Legs
Twisting Crunch (arms crossed),Auxiliary,Isolated,obliques,Waist,Legs
Wall Side Neck Bridge,Auxiliary,Isolated,sternocleidomastoid,Neck,Shoulders
Hyperextension (arms crossed),Basic or Auxiliary,Compound,erector spinae,Back,Back
Weighted Hanging Leg Raise,Auxiliary,Isolated,iliopsoas,Waist,Legs
Weighted Incline Crunch (arms crossed),Auxiliary,Isolated,rectus abdominis,Waist,Legs
Barbell Board Press,Auxiliary,Compound,"pectoralis major, sternal",Chest,Chest
Pike on Power Wheel,Auxiliary,Isolated,iliopsoas,Waist,Legs
Barbell Box Squat,Basic or Auxiliary,Compound,gluteus maximus,Hips,Legs
Dumbbell Seated Pronation,Auxiliary,Isolated,pronators,Forearms,Arms
Lever Reclined Shoulder Press,Basic,Compound,"deltoid, anterior",Shoulders,Shoulders
Dumbbell Push Sit-up,Basic,Compound,rectus abdominis,Waist,Legs
Cable Roller Wrist Extension,Auxiliary,Isolated,wrist extensors,Forearms,Arms
Weighted Push-up (on handles),Basic or Auxiliary,Compound,"pectoralis major, sternal",Chest,Chest
Cable Curl (with stirrups),Basic or Auxiliary,Isolated,biceps brachii,Upper Arms,Arms
Weighted Chest Dip,Basic,Compound,"pectoralis major, sternal",Chest,Chest
Lying Leg Raise (on floor),Auxiliary,Isolated,iliopsoas,Waist,Legs
Weighted Crunch (on stability ball),Auxiliary,Isolated,rectus abdominis,Waist,Legs
45° Hyperextension (hands behind neck),Basic or Auxiliary,Compound,erector spinae,Back,Back
Medicine Ball Overhead Throw Sit-up (machine),Basic,Compound,rectus abdominis,Waist,Legs
Incline Leg-Hip Raise,Basic,Compound,rectus abdominis,Waist,Legs
Pike on Discs,Auxiliary,Isolated,iliopsoas,Waist,Legs
45° Hyperextension (hands behind hips),Basic or Auxiliary,Compound,erector spinae,Back,Back
Lever Seated Close Grip Press,Basic,Compound,triceps brachii,Upper Arms,Arms
Dumbbell Push Crunch,Auxiliary,Isolated,rectus abdominis,Waist,Legs
Cable Decline Fly,Auxiliary,Isolated,"pectoralis major, sternal",Chest,Chest
Partner-assisted Chin-up,Basic,Compound,latissimus dorsi,Back,Back
Lever Seated Crunch (arm bar),Auxiliary,Isolated,rectus abdominis,Waist,Legs
Ball Crunch (on stability ball),Auxiliary,Isolated,rectus abdominis,Waist,Legs
Dumbbell Standing Calf Raise,Basic,Isolated,gastrocnemius,Calves,Legs
Triceps Dip,Basic,Compound,triceps brachii,Upper Arms,Arms
Cable Neck Extension (with belt),Basic or Auxiliary,Isolated,splenius,Neck,Shoulders
"45° Hyperextension (across bench, hands behind hips)",Basic or Auxiliary,Compound,erector spinae,Back,Back
Hanging Leg Curl,Basic or Auxiliary,Isolated,hamstrings,Thighs,Legs
Lever Triceps Dip,Basic,Compound,triceps brachii,Upper Arms,Arms
Incline Leg Raise (arms on pads),Auxiliary,Isolated,iliopsoas,Waist,Legs
Cable Lying Straight Leg-Hip Raise,Basic,Compound,rectus abdominis,Waist,Legs
Biceps Row (high bar),Basic or Auxiliary,Compound,biceps brachii,Upper Arms,Arms
Lever Standing Hip Extension (with abdominal pad),Auxiliary,Isolated,gluteus maximus,Hips,Legs
Weighted Side Crunch (on stability ball),Auxiliary,Isolated,obliques,Waist,Legs
Lever Triceps Extension (plate loaded),Basic or Auxiliary,Isolated,triceps brachii,Upper Arms,Arms
"45° Hyperextension (on stability ball, hands behind neck)",Basic or Auxiliary,Compound,erector spinae,Back,Back
Partner-assisted Pull-up,Basic,Compound,latissimus dorsi,Back,Back
"Single Leg Curl (on stability ball, leg flexed)",Basic or Auxiliary,Isolated,hamstrings,Thighs,Legs
Cable Supine Reverse Fly,Auxiliary,Isolated,"deltoid, posterior",Shoulders,Shoulders
Lever Upright Shoulder External Rotation,Auxiliary,Isolated,teres minor,Shoulders,Shoulders
Lever Neck Extension,Basic or Auxiliary,Isolated,splenius,Neck,Shoulders
Cable Incline Shoulder Raise,Auxiliary,Isolated,serratus anterior,Chest,Chest
Cable Bar Incline Bench Press,Basic or Auxiliary,Compound,"pectoralis major, clavicular",Chest,Chest
Weighted Rear Pull-up,Basic,Compound,latissimus dorsi,Back,Back
Reverse Hyper-extension,Auxiliary,Isolated,gluteus maximus,Hips,Legs
Barbell Block Pull,Basic or Auxiliary,Compound,gluteus maximus,Hips,Legs
Dumbbell Full Can Lateral Raise,Auxiliary,Isolated,supraspinatus,Shoulders,Shoulders
Cable One Arm Standing Incline Chest Press,Auxiliary,Compound,"pectoralis major, clavicular",Chest,Chest
"Single Leg Straight Hip Leg Curl (on stability ball, leg extended)",Basic or Auxiliary,Isolated,hamstrings,Thighs,Legs
Hanging Leg Raise,Auxiliary,Isolated,iliopsoas,Waist,Legs
Cable Pushdown (with rope attachment),Auxiliary,Isolated,triceps brachii,Upper Arms,Arms
Lying Simultaneous Alternating Straight Leg Raise,Auxiliary,Isolated,iliopsoas,Waist,Legs
Lever 45° Reverse Calf Raise (plate loaded),Basic or Auxiliary,Isolated,tibialis anterior,Calves,Legs
Lever Chest Press (plate loaded),Basic,Compound,"pectoralis major, sternal",Chest,Chest
Dumbbell Incline Fly,Auxiliary,Isolated,"pectoralis major, clavicular",Chest,Chest
Dumbbell Shoulder Internal Rotation (on bench),Auxiliary,Isolated,subscapularis,Shoulders,Shoulders
Cable Bar Behind Neck Press,Basic,Compound,"deltoid, anterior",Shoulders,Shoulders
Cable Lying Leg Raise,Auxiliary,Isolated,iliopsoas,Waist,Legs
Self-assisted Triceps Dip,Basic,Compound,triceps brachii,Upper Arms,Arms
Cable One Arm Reverse Fly,Auxiliary,Isolated,"deltoid, posterior",Shoulders,Shoulders
Sled 45° Calf Raise,Basic,Isolated,gastrocnemius,Calves,Legs
Twisting Sit-up (arms crossed),Basic,Compound,obliques,Waist,Legs
Lever Parallel Grip Incline Chest Press,Basic or Auxiliary,Compound,"pectoralis major, clavicular",Chest,Chest
Lever Single Leg Standing Leg Press (plate loaded),Auxiliary,Compound,quadriceps,Thighs,Legs
Barbell Military Press,Basic,Compound,"deltoid, anterior",Shoulders,Shoulders
Rear Delt Inverted Row (on hips),Basic or Auxiliary,Compound,"deltoid, posterior",Shoulders,Shoulders
Lever Standing Side Bend,Auxiliary,Isolated,obliques,Waist,Legs
Lever Seated Forearm Pronation,Auxiliary,Isolated,pronators,Forearms,Arms
Inverted Row,Basic or Auxiliary,Compound,"back, general",Back,Back
Weighted Lying Hip Adduction,Auxiliary,Isolated,"adductors, hip",Hips,Legs
Sled 45° Reverse Calf Raise,Basic or Auxiliary,Isolated,tibialis anterior,Calves,Legs
Lever Incline Chest Press (on Hammer military press),Basic or Auxiliary,Compound,"pectoralis major, clavicular",Chest,Chest
Lever Reverse Calf Extension,Basic or Auxiliary,Isolated,tibialis anterior,Calves,Legs
Lever Shoulder External Rotation,Auxiliary,Isolated,infraspinatus,Shoulders,Shoulders
Cable Bench Press,Basic or Auxiliary,Compound,"pectoralis major, sternal",Chest,Chest
Lever Hip Flexion,Auxiliary,Isolated,iliopsoas,Waist,Legs
Barbell Reverse Calf Raise,Basic or Auxiliary,Isolated,tibialis anterior,Calves,Legs
Barbell Incline Shoulder Raise,Auxiliary,Isolated,serratus anterior,Chest,Chest
Sissy Squat,Auxiliary,Isolated,quadriceps,Thighs,Legs
Rear Delt Inverted Row (high bar),Basic or Auxiliary,Compound,"deltoid, posterior",Shoulders,Shoulders
Lever Standing Leg Curl (on multi-hip machine),Basic or Auxiliary,Isolated,hamstrings,Thighs,Legs
Barbell Seated Military Press,Basic,Compound,"deltoid, anterior",Shoulders,Shoulders
Chest Dip (bent knees between benches),Basic,Compound,"pectoralis major, sternal",Chest,Chest
Barbell Bench Press (with chains),Basic or Auxiliary,Compound,"pectoralis major, sternal",Chest,Chest
Sled Shoulder Press (parallel grip),Basic,Compound,"deltoid, anterior",Shoulders,Shoulders
"Crunch (on stability ball, arms crossed)",Auxiliary,Isolated,rectus abdominis,Waist,Legs
Lever Preacher Curl (plate loaded),Auxiliary,Isolated,brachialis,Upper Arms,Arms
Dumbbell Alternating Incline Front Raise,Auxiliary,Isolated,"deltoid, anterior",Shoulders,Shoulders
Cable Hammer Curl,Auxiliary,Isolated,brachioradialis,Forearms,Arms
Cable Standing Cross Row,Auxiliary,Compound,"deltoid, posterior",Shoulders,Shoulders
Weighted Incline Leg Raise (arms on pads),Auxiliary,Isolated,iliopsoas,Waist,Legs
Weighted Pull-up (open-centered bar),Basic,Compound,latissimus dorsi,Back,Back
Sled Seated Reverse Calf Press,Basic or Auxiliary,Isolated,tibialis anterior,Calves,Legs
Bent-knee Lying Twist,Auxiliary,Isolated,obliques,Waist,Legs
Lever Alternating Lying Hip Extension,Auxiliary,Isolated,gluteus maximus,Hips,Legs
Lever Rear Lateral Raise (on extended arm kneeling lateral raise machine),Auxiliary,Isolated,"deltoid, posterior",Shoulders,Shoulders
Band-assisted Neutral Grip Chin-up,Basic,Compound,latissimus dorsi,Back,Back
Cable Seated Rear Lateral Raise,Auxiliary,Isolated,"deltoid, posterior",Shoulders,Shoulders
Cable Kneeling Twisting Crunch,Auxiliary,Isolated,obliques,Waist,Legs
Barbell JM Bench Press,Basic,Compound,triceps brachii,Upper Arms,Arms
Cable One Arm Front Raise (with rope),Auxiliary,Isolated,"deltoid, anterior",Shoulders,Shoulders
Barbell Incline Front Raise,Auxiliary,Isolated,"deltoid, anterior",Shoulders,Shoulders
Sled Hack Calf Press,Basic,Isolated,gastrocnemius,Calves,Legs
Sled Single Leg 45° Reverse Calf Press,Auxiliary,Isolated,tibialis anterior,Calves,Legs
Cable Seated Reverse Fly,Auxiliary,Isolated,"deltoid, posterior",Shoulders,Shoulders
Cable Roller Wrist Flexion,Auxiliary,Isolated,wrist flexors,Forearms,Arms
Sit-up (arms down),Basic,Compound,rectus abdominis,Waist,Legs
Dumbbell Pullover (on apparatus),Auxiliary,Isolated,"pectoralis major, sternal",Chest,Chest
Cable Standing Incline Fly,Auxiliary,Isolated,"pectoralis major, clavicular",Chest,Chest
Dumbbell Shoulder Press,Basic,Compound,"deltoid, anterior",Shoulders,Shoulders
Hanging Leg-Hip Raise,Basic,Compound,rectus abdominis,Waist,Legs
Cable Shrug (dual pulley),Basic or Auxiliary,Isolated,"trapezius, upper",Back,Back
Lever Incline Triceps Extension,Basic or Auxiliary,Isolated,triceps brachii,Upper Arms,Arms
